model,provider,prompt_id,run_id,rank,acronym,full_name,justification
google/gemma-4-31b-it:free,openrouter,P01_CONFERENCE_RANKING,final01,1,ICSE,International Conference on Software Engineering,"The premier venue for software engineering. It hosts the most influential papers on automated program repair, test generation, and recently, the integration of LLMs into the SE lifecycle."
google/gemma-4-31b-it:free,openrouter,P01_CONFERENCE_RANKING,final01,2,FSE,ACM SIGSOFT International Conference on the Foundations of Software Engineering,"A top-tier venue focusing on the theoretical and practical foundations of SE, frequently featuring high-impact research on code analysis and AI-driven developer tools."
google/gemma-4-31b-it:free,openrouter,P01_CONFERENCE_RANKING,final01,3,ASE,IEEE/ACM International Conference on Automated Software Engineering,"Specifically focused on automation. It is a primary hub for research on program synthesis, automated bug fixing, and AI-assisted coding."
google/gemma-4-31b-it:free,openrouter,P01_CONFERENCE_RANKING,final01,4,NeurIPS,Conference on Neural Information Processing Systems,"While a general AI conference, it is where the foundational LLM architectures (like Transformers) and core machine learning techniques used in code models are debuted."
google/gemma-4-31b-it:free,openrouter,P01_CONFERENCE_RANKING,final01,5,ICLR,International Conference on Learning Representations,Crucial for research on how models represent code (code embeddings) and the training methodologies for Large Language Models for Code (CodeLLMs).
google/gemma-4-31b-it:free,openrouter,P01_CONFERENCE_RANKING,final01,6,ACL,Annual Meeting of the Association for Computational Linguistics,"The leading venue for NLP. Since code is treated as a language, many breakthroughs in code search and natural-language-to-code generation are published here."
google/gemma-4-31b-it:free,openrouter,P01_CONFERENCE_RANKING,final01,7,ISSTA,International Symposium on Software Testing and Analysis,"The primary venue for research on automated test generation, fuzzing, and AI-driven software verification."
google/gemma-4-31b-it:free,openrouter,P01_CONFERENCE_RANKING,final01,8,PLDI,Programming Language Design and Implementation,Focuses on the intersection of compilers and PLs; essential for research on formal verification and the correctness of AI-generated code.
google/gemma-4-31b-it:free,openrouter,P01_CONFERENCE_RANKING,final01,9,EMSE,Empirical Software Engineering,A leading journal for studies on developer productivity and the real-world impact of AI tools on software maintenance.
google/gemma-4-31b-it:free,openrouter,P01_CONFERENCE_RANKING,final01,10,TSE,IEEE Transactions on Software Engineering,"The highest-impact journal for comprehensive, validated research on AI-assisted SE and long-term software maintenance."
google/gemma-4-31b-it:free,openrouter,P01_CONFERENCE_RANKING,final01,11,OOPSLA,"Object-Oriented Programming, Systems, Languages, and Applications",Key for research on language design and the integration of AI into the development environment (IDEs).
google/gemma-4-31b-it:free,openrouter,P01_CONFERENCE_RANKING,final01,12,Mining Software Repositories (MSR),International Conference on Mining Software Repositories,"Essential for the data-driven side of AI-SE, focusing on how to extract the training data (GitHub/GitLab) used to train code models."
google/gemma-4-31b-it:free,openrouter,P02_CONFERENCE_RANKING_SOURCED,final01,1,ICSE,International Conference on Software Engineering,"The premier venue for SE. It has the highest historical influence and academic prestige. While general SE, it is currently the primary venue for large-scale AI-for-SE empirical studies."
google/gemma-4-31b-it:free,openrouter,P02_CONFERENCE_RANKING_SOURCED,final01,2,FSE/ESEC,ACM SIGSOFT International Symposium on the Foundations of Software Engineering,"Highly prestigious (CORE A*). Focuses on the foundational aspects of SE, making it a critical venue for the theoretical grounding of AI-assisted development."
google/gemma-4-31b-it:free,openrouter,P02_CONFERENCE_RANKING_SOURCED,final01,3,ASE,IEEE/ACM International Conference on Automated Software Engineering,"Specifically focused on automation. It is the most relevant venue for AI-assisted development (LLMs for code, automated repair, and synthesis)."
google/gemma-4-31b-it:free,openrouter,P02_CONFERENCE_RANKING_SOURCED,final01,4,NeurIPS,Conference on Neural Information Processing Systems,"While a general AI conference, it is where the underlying architectures (Transformers, RL) used in AI-assisted development are debuted. Extreme academic prestige."
google/gemma-4-31b-it:free,openrouter,P02_CONFERENCE_RANKING_SOURCED,final01,5,ICLR,International Conference on Learning Representations,"Crucial for the 'AI' part of AI-for-SE, particularly for deep learning models applied to code representation learning."
google/gemma-4-31b-it:free,openrouter,P02_CONFERENCE_RANKING_SOURCED,final01,6,ISSTA,International Symposium on Software Testing and Analysis,"The top venue for AI applied to testing, bug finding, and program analysis (CORE A*)."
google/gemma-4-31b-it:free,openrouter,P02_CONFERENCE_RANKING_SOURCED,final01,7,ACL,Annual Meeting of the Association for Computational Linguistics,"Essential for the NLP aspects of AI-assisted development, such as prompt engineering and natural language to code translation."
google/gemma-4-31b-it:free,openrouter,P02_CONFERENCE_RANKING_SOURCED,final01,8,PLDI,Programming Language Design and Implementation,High prestige in the PL community. Critical for the formal verification and synthesis aspects of AI-assisted development.
google/gemma-4-31b-it:free,openrouter,P02_CONFERENCE_RANKING_SOURCED,final01,9,EMSE,Empirical Software Engineering,"Though primarily a journal, its associated community and associated workshops are key for validating AI tools in real-world SE settings."
google/gemma-4-31b-it:free,openrouter,P02_CONFERENCE_RANKING_SOURCED,final01,10,OOPSLA,"Object-Oriented Programming, Systems, Languages, and Applications","High prestige (SIGPLAN). Focuses on the intersection of language design and implementation, relevant for AI-driven code generation."
google/gemma-4-31b-it:free,openrouter,P02_CONFERENCE_RANKING_SOURCED,final01,11,ICML,International Conference on Machine Learning,Similar to NeurIPS; provides the ML foundations that drive AI-assisted development tools.
google/gemma-4-31b-it:free,openrouter,P02_CONFERENCE_RANKING_SOURCED,final01,12,MSR,International Conference on Mining Software Repositories,The primary venue for the data mining techniques used to train AI models on GitHub/GitLab data.
google/gemma-4-31b-it:free,openrouter,P02_CONFERENCE_RANKING_SOURCED,final01,13,ASE-Workshop/Special Tracks,ASE AI-for-SE Tracks,Specific tracks within ASE often lead the trend in AI-assisted development before they hit the main tracks of ICSE.
google/gemma-4-31b-it:free,openrouter,P02_CONFERENCE_RANKING_SOURCED,final01,14,POPL,Principles of Programming Languages,The gold standard for the theoretical limits of what AI can synthesize or verify in software.
google/gemma-4-31b-it:free,openrouter,P02_CONFERENCE_RANKING_SOURCED,final01,15,ICPC,International Conference on Program Comprehension,"Highly relevant for the 'understanding' part of AI-assisted development (e.g., AI-driven code explanation)."
google/gemma-4-31b-it:free,openrouter,P04_EXACT_SOURCES,final01,1,,,"The emergence of models like Codex and subsequent LLMs has demonstrated a capacity for zero-shot and few-shot code generation, as documented in the OpenAI Codex research and subsequent evaluations of models like GPT-4."
google/gemma-4-31b-it:free,openrouter,P04_EXACT_SOURCES,final01,2,,,These benchmarks are widely cited in the literature as the standard for measuring the functional correctness of generated code via unit tests.
google/gemma-4-31b-it:free,openrouter,P04_EXACT_SOURCES,final01,3,,,"Recent research and tool development (e.g., SWE-bench) focus on the ability of AI to resolve real-world GitHub issues by interacting with a software environment rather than just predicting a text completion."
google/gemma-4-31b-it:free,openrouter,P04_EXACT_SOURCES,final01,4,,,GitHub Copilot's deployment and subsequent empirical studies on developer velocity and code quality provide the basis for this shift.
google/gemma-4-31b-it:free,openrouter,P05_RECENT_WORK,final01,1,,GitHub Copilot / OpenAI Codex,"The foundational catalyst for the current era of LLM-based code generation. While slightly older than 3 years, its evolution into Copilot X and Workspace defines the current state of developer tools."
google/gemma-4-31b-it:free,openrouter,P05_RECENT_WORK,final01,2,,SWE-bench,"Established the gold standard for evaluating software engineering agents by requiring them to resolve real GitHub issues, moving beyond simple snippet generation to full-repository repair."
google/gemma-4-31b-it:free,openrouter,P05_RECENT_WORK,final01,3,,Devin,"Represents the shift toward 'autonomous agents' capable of planning, executing, and debugging in a sandboxed environment, bridging the gap between code completion and full-cycle engineering."
google/gemma-4-31b-it:free,openrouter,P05_RECENT_WORK,final01,4,,Code Llama / StarCoder2,"Crucial academic/open-source contributions that provided high-quality, permissively licensed base models for fine-tuning specialized SE tasks."
google/gemma-4-31b-it:free,openrouter,P05_RECENT_WORK,final01,5,,DeepSeek-Coder,Demonstrated that specialized training on massive code corpora can rival or exceed general-purpose models (like GPT-4) in specific coding benchmarks.
google/gemma-4-31b-it:free,openrouter,P06_AREA_MAPPING,final01,1,,,"One of the most mature areas of AI4SE, transitioning from rule-based and search-based repair to LLM-driven code generation and refinement."
google/gemma-4-31b-it:free,openrouter,P06_AREA_MAPPING,final01,2,,,Currently the most active area due to the explosion of Copilot-style tools and the study of prompt engineering for code.
google/gemma-4-31b-it:free,openrouter,P06_AREA_MAPPING,final01,3,,,Focuses on increasing coverage and finding regressions using AI to generate test suites and expected outputs (oracles).
google/gemma-4-31b-it:free,openrouter,P06_AREA_MAPPING,final01,4,,,"Focuses on the 'upstream' part of the SDLC, using AI to translate natural language requirements into specifications or documentation."
google/gemma-4-31b-it:free,openrouter,P06_AREA_MAPPING,final01,5,,,"Uses machine learning to identify code smells, predict technical debt, and suggest refactoring opportunities."
google/gemma-4-31b-it:free,openrouter,P06_AREA_MAPPING,final01,6,,,Intersects AI with cybersecurity to automate the detection of security flaws and the generation of security patches.
google/gemma-4-31b-it:free,openrouter,P06_AREA_MAPPING,final01,7,,,"Focuses on predicting software defects, estimating effort, and predicting performance bottlenecks using ML."
google/gemma-4-31b-it:free,openrouter,P07_PRACTITIONER_GUIDANCE,final01,1,,,"Essential for understanding the specific data privacy policies, opt-out mechanisms for training, and the technical limitations of the specific tool being deployed."
google/gemma-4-31b-it:free,openrouter,P07_PRACTITIONER_GUIDANCE,final01,2,,,"Provides a baseline for the model's ability to solve isolated coding tasks, helping the team understand the gap between 'passing a test' and 'production-ready code'."
google/gemma-4-31b-it:free,openrouter,P07_PRACTITIONER_GUIDANCE,final01,3,,,"Crucial for establishing a 'trust but verify' culture, as research demonstrates that AI can generate syntactically correct but logically flawed or insecure code."
google/gemma-4-31b-it:free,openrouter,P07_PRACTITIONER_GUIDANCE,final01,4,,,"Provides a framework for identifying security vulnerabilities introduced by AI, such as prompt injection or the introduction of insecure coding patterns."
google/gemma-4-31b-it:free,openrouter,P07_PRACTITIONER_GUIDANCE,final01,5,,,"Offers real-world case studies on how large-scale organizations integrate AI into their SDLC, including governance and productivity measurement."
nvidia/nemotron-3-ultra-550b-a55b:free,openrouter,P01_CONFERENCE_RANKING,final01,1,ICSE,International Conference on Software Engineering,"Premier venue for software engineering research; consistently publishes the highest volume of AI-assisted SE work including LLM-based coding tools, program repair, test generation, and developer productivity studies."
nvidia/nemotron-3-ultra-550b-a55b:free,openrouter,P01_CONFERENCE_RANKING,final01,2,FSE/ESEC,ACM SIGSOFT International Symposium on Foundations of Software Engineering / European Software Engineering Conference,"Top-tier SE venue with strong emphasis on practical tools and empirical evaluation; major outlet for AI-driven program analysis, repair, and developer tooling."
nvidia/nemotron-3-ultra-550b-a55b:free,openrouter,P01_CONFERENCE_RANKING,final01,3,ASE,International Conference on Automated Software Engineering,"Explicit focus on automation in SE; natural home for program synthesis, repair, test generation, and LLM-based coding assistants."
nvidia/nemotron-3-ultra-550b-a55b:free,openrouter,P01_CONFERENCE_RANKING,final01,4,ISSTA,International Symposium on Software Testing and Analysis,"Leading venue for testing and dynamic analysis; publishes foundational work on test generation, fault localization, and program repair—core AI-assisted SE topics."
nvidia/nemotron-3-ultra-550b-a55b:free,openrouter,P01_CONFERENCE_RANKING,final01,5,ICPC,International Conference on Program Comprehension,"Specialized venue for code understanding, search, and comprehension; increasingly central for code search, representation learning, and LLM-based code understanding."
nvidia/nemotron-3-ultra-550b-a55b:free,openrouter,P01_CONFERENCE_RANKING,final01,6,SANER,"International Conference on Software Analysis, Evolution and Reengineering","Strong focus on maintenance, evolution, and reengineering; key venue for AI-assisted legacy code modernization, refactoring, and technical debt management."
nvidia/nemotron-3-ultra-550b-a55b:free,openrouter,P01_CONFERENCE_RANKING,final01,7,MSR,International Conference on Mining Software Repositories,"Primary venue for empirical SE and repository mining; essential for studies on developer productivity, LLM adoption in practice, and large-scale code corpora."
nvidia/nemotron-3-ultra-550b-a55b:free,openrouter,P01_CONFERENCE_RANKING,final01,8,ICSME,International Conference on Software Maintenance and Evolution,"Dedicated to maintenance and evolution; publishes work on AI-assisted bug fixing, code migration, and long-term software health."
nvidia/nemotron-3-ultra-550b-a55b:free,openrouter,P01_CONFERENCE_RANKING,final01,9,PLDI,Programming Language Design and Implementation,"Top PL venue with growing SE-relevant AI work: program synthesis, neural code generation, type inference, and verified code generation."
nvidia/nemotron-3-ultra-550b-a55b:free,openrouter,P01_CONFERENCE_RANKING,final01,10,NeurIPS / ICML / ICLR,Neural Information Processing Systems / International Conference on Machine Learning / International Conference on Learning Representations,"Premier ML venues where foundational LLM-for-code models (Codex, AlphaCode, CodeT5, StarCoder, etc.) and benchmarks (HumanEval, MBPP, CodeXGLUE) are often first published."
nvidia/nemotron-3-ultra-550b-a55b:free,openrouter,P01_CONFERENCE_RANKING,final01,11,OOPSLA,"Object-Oriented Programming, Systems, Languages, and Applications","PL/SE intersection venue; publishes work on language-integrated tooling, gradual typing for dynamic languages, and AI-assisted developer environments."
nvidia/nemotron-3-ultra-550b-a55b:free,openrouter,P01_CONFERENCE_RANKING,final01,12,ICSA / COMPSAC / ICST / QRS,"International Conference on Software Architecture / IEEE International Conference on Computer Software and Applications / IEEE International Conference on Software Testing, Verification and Validation / IEEE International Conference on Software Quality, Reliability and Security","Strong secondary-tier venues with dedicated tracks for AI in testing, architecture recovery, and quality assurance; collectively capture significant applied AI-SE work not fitting top-tier page limits."
nvidia/nemotron-3-ultra-550b-a55b:free,openrouter,P02_CONFERENCE_RANKING_SOURCED,final01,1,ICSE,International Conference on Software Engineering,"Widely considered the premier SE venue (CORE A*, CSRankings #1 in SE). Increasingly hosts AI/ML for SE papers (e.g., code generation, repair, analysis). High historical influence and broad SE relevance."
nvidia/nemotron-3-ultra-550b-a55b:free,openrouter,P02_CONFERENCE_RANKING_SOURCED,final01,2,FSE,ACM SIGSOFT International Symposium on Foundations of Software Engineering (formerly ESEC/FSE),"CORE A*, CSRankings top-tier SE venue. Strong track record for AI-assisted development research (program synthesis, learning-based analysis). High prestige and SE community centrality."
nvidia/nemotron-3-ultra-550b-a55b:free,openrouter,P02_CONFERENCE_RANKING_SOURCED,final01,3,ASE,International Conference on Automated Software Engineering,"CORE A*, CSRankings top-tier. Explicit focus on automation — natural home for AI/ML in SE (synthesis, repair, testing, modeling). Historically influential for AI-SE intersection."
nvidia/nemotron-3-ultra-550b-a55b:free,openrouter,P02_CONFERENCE_RANKING_SOURCED,final01,4,ISSTA,International Symposium on Software Testing and Analysis,"CORE A*, CSRankings top-tier. Testing/analysis focus aligns with AI-assisted verification, test generation, fault localization. Strong ML-for-testing presence."
nvidia/nemotron-3-ultra-550b-a55b:free,openrouter,P02_CONFERENCE_RANKING_SOURCED,final01,5,ICST,"International Conference on Software Testing, Verification and Validation",CORE A (sometimes A*). Major testing venue with growing AI/ML for testing track. High relevance to AI-assisted QA.
nvidia/nemotron-3-ultra-550b-a55b:free,openrouter,P02_CONFERENCE_RANKING_SOURCED,final01,6,SANER,"International Conference on Software Analysis, Evolution and Reengineering","CORE A. Evolution/reengineering focus matches AI for code understanding, refactoring, technical debt. Strong ML4Code presence."
nvidia/nemotron-3-ultra-550b-a55b:free,openrouter,P02_CONFERENCE_RANKING_SOURCED,final01,7,MSR,International Conference on Mining Software Repositories,CORE A. Data-driven SE venue; foundational for ML4Code datasets and empirical studies of AI-assisted development. High relevance to AI-for-SE data pipeline.
nvidia/nemotron-3-ultra-550b-a55b:free,openrouter,P02_CONFERENCE_RANKING_SOURCED,final01,8,ICSME,International Conference on Software Maintenance and Evolution,"CORE A. Maintenance/evolution focus; strong AI for legacy code, modernization, program comprehension tracks."
nvidia/nemotron-3-ultra-550b-a55b:free,openrouter,P02_CONFERENCE_RANKING_SOURCED,final01,9,ICPC,International Conference on Program Comprehension,"CORE A. Direct relevance to AI-assisted code understanding, summarization, navigation. Growing ML presence."
nvidia/nemotron-3-ultra-550b-a55b:free,openrouter,P02_CONFERENCE_RANKING_SOURCED,final01,10,NeurIPS,Conference on Neural Information Processing Systems,"CORE A* (AI/ML), CSRankings #1 in ML. Not SE-specific, but publishes high-impact ML4Code, code generation, program synthesis work. High prestige, broad influence."
nvidia/nemotron-3-ultra-550b-a55b:free,openrouter,P02_CONFERENCE_RANKING_SOURCED,final01,11,ICML,International Conference on Machine Learning,"CORE A* (AI/ML), CSRankings top ML. Similar to NeurIPS: venue for foundational ML4Code, code models, program synthesis. High citation impact."
nvidia/nemotron-3-ultra-550b-a55b:free,openrouter,P02_CONFERENCE_RANKING_SOURCED,final01,12,ICLR,International Conference on Learning Representations,"CORE A* (AI/ML), CSRankings top ML. Strong representation learning focus; key venue for code embeddings, foundation models for code."
nvidia/nemotron-3-ultra-550b-a55b:free,openrouter,P02_CONFERENCE_RANKING_SOURCED,final01,13,AAAI,AAAI Conference on Artificial Intelligence,"CORE A* (AI), CSRankings top AI. Broad AI venue with dedicated SE/software engineering tracks in recent years. High visibility."
nvidia/nemotron-3-ultra-550b-a55b:free,openrouter,P02_CONFERENCE_RANKING_SOURCED,final01,14,PLDI,Programming Language Design and Implementation,"CORE A* (PL), CSRankings #1 in PL. Not SE per se, but strong overlap: program synthesis, ML-guided optimization, compiler+ML. High prestige in PL/SE intersection."
nvidia/nemotron-3-ultra-550b-a55b:free,openrouter,P02_CONFERENCE_RANKING_SOURCED,final01,15,IJCAI,International Joint Conference on Artificial Intelligence,"CORE A* (AI), CSRankings top AI. Long-standing prestige; occasional SE-relevant AI applications. Broader than AAAI, slightly less SE-focused recently."
nvidia/nemotron-3-ultra-550b-a55b:free,openrouter,P03_INFLUENTIAL_PAPERS,final02,7,"""Deep Code Search"" (Gu et al., ICSE 2018","""Deep Code Search"" (Gu et al., ICSE 2018) - early deep learning for code search","""Deep Code Search"" (Gu et al., ICSE 2018) - early deep learning for code search"
nvidia/nemotron-3-ultra-550b-a55b:free,openrouter,P03_INFLUENTIAL_PAPERS,final02,8,"""CodeBERT","""CodeBERT: A Pre-Trained Model for Programming and Natural Languages"" (Feng et al., EMNLP 2020) - influential pre-trained model for code","""CodeBERT: A Pre-Trained Model for Programming and Natural Languages"" (Feng et al., EMNLP 2020) - influential pre-trained model for code"
nvidia/nemotron-3-ultra-550b-a55b:free,openrouter,P03_INFLUENTIAL_PAPERS,final02,9,"""GraphCodeBERT","""GraphCodeBERT: Pre-training Code Representations with Data Flow"" (Guo et al., ICLR 2021) - improved code representation","""GraphCodeBERT: Pre-training Code Representations with Data Flow"" (Guo et al., ICLR 2021) - improved code representation"
nvidia/nemotron-3-ultra-550b-a55b:free,openrouter,P03_INFLUENTIAL_PAPERS,final02,10,"""Codex","""Codex: Evaluating Large Language Models Trained on Code"" (Chen et al., 2021, arXiv) - the Codex paper","""Codex: Evaluating Large Language Models Trained on Code"" (Chen et al., 2021, arXiv) - the Codex paper"
nvidia/nemotron-3-ultra-550b-a55b:free,openrouter,P03_INFLUENTIAL_PAPERS,final02,11,"""GitHub Copilot","""GitHub Copilot: AI Pair Programmer"" (not a paper per se, but there's a technical report) - maybe ""GitHub Copilot: A Technical Preview"" or similar","""GitHub Copilot: AI Pair Programmer"" (not a paper per se, but there's a technical report) - maybe ""GitHub Copilot: A Technical Preview"" or similar"
nvidia/nemotron-3-ultra-550b-a55b:free,openrouter,P03_INFLUENTIAL_PAPERS,final02,12,"""AlphaCode","""AlphaCode: Competition-Level Code Generation with AlphaCode"" (Li et al., 2022, Science) - DeepMind's AlphaCode","""AlphaCode: Competition-Level Code Generation with AlphaCode"" (Li et al., 2022, Science) - DeepMind's AlphaCode"
nvidia/nemotron-3-ultra-550b-a55b:free,openrouter,P03_INFLUENTIAL_PAPERS,final02,13,"""StarCoder","""StarCoder: A State-of-the-Art LLM for Code"" (Li et al., 2023, arXiv) - BigCode's StarCoder","""StarCoder: A State-of-the-Art LLM for Code"" (Li et al., 2023, arXiv) - BigCode's StarCoder"
nvidia/nemotron-3-ultra-550b-a55b:free,openrouter,P03_INFLUENTIAL_PAPERS,final02,14,"""CodeLlama","""CodeLlama: Open Foundation Models for Code"" (Rozière et al., 2023, arXiv) - Meta's CodeLlama","""CodeLlama: Open Foundation Models for Code"" (Rozière et al., 2023, arXiv) - Meta's CodeLlama"
nvidia/nemotron-3-ultra-550b-a55b:free,openrouter,P03_INFLUENTIAL_PAPERS,final02,15,"""Program Synthesis with Large Language M","""Program Synthesis with Large Language Models"" (Austin et al., 2021, arXiv) - early LLM for program synthesis","""Program Synthesis with Large Language Models"" (Austin et al., 2021, arXiv) - early LLM for program synthesis"
nvidia/nemotron-3-ultra-550b-a55b:free,openrouter,P03_INFLUENTIAL_PAPERS,final02,16,"""Neural Program Synthesis from Diverse D","""Neural Program Synthesis from Diverse Demonstration Videos"" (not sure) - maybe ""Learning to Generate Code from Natural Language"" (Ling et al., 2016) - early seq2seq for","""Neural Program Synthesis from Diverse Demonstration Videos"" (not sure) - maybe ""Learning to Generate Code from Natural Language"" (Ling et al., 2016) - early seq2seq for"
nvidia/nemotron-3-ultra-550b-a55b:free,openrouter,P04_EXACT_SOURCES,final01,14,"Large language models (LLMs) like Codex,","Large language models (LLMs) like Codex, CodeGen, StarCoder, etc., have been applied to code generation, completion, and repair.","Large language models (LLMs) like Codex, CodeGen, StarCoder, etc., have been applied to code generation, completion, and repair."
nvidia/nemotron-3-ultra-550b-a55b:free,openrouter,P04_EXACT_SOURCES,final01,15,"Benchmarks like HumanEval, MBPP, CodeXGL","Benchmarks like HumanEval, MBPP, CodeXGLUE, APPS, etc., are used to evaluate code generation.","Benchmarks like HumanEval, MBPP, CodeXGLUE, APPS, etc., are used to evaluate code generation."
nvidia/nemotron-3-ultra-550b-a55b:free,openrouter,P04_EXACT_SOURCES,final01,16,Research venues,"Research venues: ICSE, FSE, ASE, ICML, NeurIPS, ICLR, etc., have tracks on AI for SE.","Research venues: ICSE, FSE, ASE, ICML, NeurIPS, ICLR, etc., have tracks on AI for SE."
nvidia/nemotron-3-ultra-550b-a55b:free,openrouter,P04_EXACT_SOURCES,final01,17,Tools,"Tools: GitHub Copilot, Amazon CodeWhisperer, etc.","Tools: GitHub Copilot, Amazon CodeWhisperer, etc."
nvidia/nemotron-3-ultra-550b-a55b:free,openrouter,P04_EXACT_SOURCES,final01,18,Surveys,"Surveys: ""A Survey on Large Language Models for Code Generation"" or similar.","Surveys: ""A Survey on Large Language Models for Code Generation"" or similar."
nvidia/nemotron-3-ultra-550b-a55b:free,openrouter,P04_EXACT_SOURCES,final01,19,Specific papers,"Specific papers: ""Evaluating Large Language Models Trained on Code"" (Codex paper), ""CodeGen: An Open Large Language Model for Code with Multi-Turn Program Synthesis"", ""StarCoder: May the Source Be Wit","Specific papers: ""Evaluating Large Language Models Trained on Code"" (Codex paper), ""CodeGen: An Open Large Language Model for Code with Multi-Turn Program Synthesis"", ""StarCoder: May the Source Be With You"", etc."
nvidia/nemotron-3-ultra-550b-a55b:free,openrouter,P04_EXACT_SOURCES,final01,20,Benchmarks,"Benchmarks: HumanEval (OpenAI), MBPP (Google), CodeXGLUE (Microsoft), APPS (Hendrycks et al.), etc.","Benchmarks: HumanEval (OpenAI), MBPP (Google), CodeXGLUE (Microsoft), APPS (Hendrycks et al.), etc."
nvidia/nemotron-3-ultra-550b-a55b:free,openrouter,P04_EXACT_SOURCES,final01,21,Research areas,"Research areas: code generation, code completion, program repair, code search, code summarization, etc.","Research areas: code generation, code completion, program repair, code search, code summarization, etc."
nvidia/nemotron-3-ultra-550b-a55b:free,openrouter,P04_EXACT_SOURCES,final01,61,Claim,"Claim: Large language models trained on code (e.g., Codex, CodeGen, StarCoder) have demonstrated strong performance on code generation benchmarks.","Claim: Large language models trained on code (e.g., Codex, CodeGen, StarCoder) have demonstrated strong performance on code generation benchmarks."
nvidia/nemotron-3-ultra-550b-a55b:free,openrouter,P04_EXACT_SOURCES,final01,64,Claim,"Claim: Standardized benchmarks (HumanEval, MBPP, CodeXGLUE, APPS, SWE-bench) enable systematic evaluation of code generation, understanding, and repair capabilities.","Claim: Standardized benchmarks (HumanEval, MBPP, CodeXGLUE, APPS, SWE-bench) enable systematic evaluation of code generation, understanding, and repair capabilities."
nvidia/nemotron-3-ultra-550b-a55b:free,openrouter,P04_EXACT_SOURCES,final01,67,Claim,"Claim: Pre-trained models for code (CodeBERT, GraphCodeBERT, PLBART, CodeT5) established foundations for code understanding and generation before the LLM era.","Claim: Pre-trained models for code (CodeBERT, GraphCodeBERT, PLBART, CodeT5) established foundations for code understanding and generation before the LLM era."
nvidia/nemotron-3-ultra-550b-a55b:free,openrouter,P04_EXACT_SOURCES,final01,70,Claim,"Claim: AI-assisted software engineering is a growing research area with dedicated tracks at top software engineering conferences (ICSE, FSE, ASE) and ML conferences (ICML, NeurIPS, ICLR).","Claim: AI-assisted software engineering is a growing research area with dedicated tracks at top software engineering conferences (ICSE, FSE, ASE) and ML conferences (ICML, NeurIPS, ICLR)."
nvidia/nemotron-3-ultra-550b-a55b:free,openrouter,P05_RECENT_WORK,final02,8,LLM,LLM-based code generation,LLM-based code generation
nvidia/nemotron-3-ultra-550b-a55b:free,openrouter,P05_RECENT_WORK,final02,9,Program repair,Program repair,Program repair
nvidia/nemotron-3-ultra-550b-a55b:free,openrouter,P05_RECENT_WORK,final02,10,Test generation,Test generation,Test generation
nvidia/nemotron-3-ultra-550b-a55b:free,openrouter,P05_RECENT_WORK,final02,11,Software engineering agents,Software engineering agents,Software engineering agents
nvidia/nemotron-3-ultra-550b-a55b:free,openrouter,P05_RECENT_WORK,final02,12,Developer tools,Developer tools,Developer tools
nvidia/nemotron-3-ultra-550b-a55b:free,openrouter,P07_PRACTITIONER_GUIDANCE,final01,7,**Academic papers**,**Academic papers**:,**Academic papers**:
nvidia/nemotron-3-ultra-550b-a55b:free,openrouter,P07_PRACTITIONER_GUIDANCE,final01,13,**Official documentation**,**Official documentation**:,**Official documentation**:
nvidia/nemotron-3-ultra-550b-a55b:free,openrouter,P07_PRACTITIONER_GUIDANCE,final01,19,**Benchmarks**,**Benchmarks**:,**Benchmarks**:
nvidia/nemotron-3-ultra-550b-a55b:free,openrouter,P07_PRACTITIONER_GUIDANCE,final01,26,**Company sources**,**Company sources**:,**Company sources**:
nvidia/nemotron-3-ultra-550b-a55b:free,openrouter,P07_PRACTITIONER_GUIDANCE,final01,32,**Independent evaluations**,**Independent evaluations**:,**Independent evaluations**:
nvidia/nemotron-3-ultra-550b-a55b:free,openrouter,P07_PRACTITIONER_GUIDANCE,final01,75,Security/privacy evaluations (independen,Security/privacy evaluations (independent),Security/privacy evaluations (independent)
nvidia/nemotron-3-ultra-550b-a55b:free,openrouter,P07_PRACTITIONER_GUIDANCE,final01,76,Official documentation for configuration,Official documentation for configuration/privacy settings,Official documentation for configuration/privacy settings
nvidia/nemotron-3-ultra-550b-a55b:free,openrouter,P07_PRACTITIONER_GUIDANCE,final01,77,Benchmarks for capability assessment,Benchmarks for capability assessment,Benchmarks for capability assessment
nvidia/nemotron-3-ultra-550b-a55b:free,openrouter,P07_PRACTITIONER_GUIDANCE,final02,43,"""Evaluating Large Language Models Traine","""Evaluating Large Language Models Trained on Code"" - Chen et al., 2021, arXiv:2107.03374 (Codex paper)","""Evaluating Large Language Models Trained on Code"" - Chen et al., 2021, arXiv:2107.03374 (Codex paper)"
nvidia/nemotron-3-ultra-550b-a55b:free,openrouter,P07_PRACTITIONER_GUIDANCE,final02,44,"""GitHub Copilot","""GitHub Copilot: An Empirical Study of AI Pair Programming"" - various authors, maybe 2022-2023","""GitHub Copilot: An Empirical Study of AI Pair Programming"" - various authors, maybe 2022-2023"
nvidia/nemotron-3-ultra-550b-a55b:free,openrouter,P07_PRACTITIONER_GUIDANCE,final02,45,"""","""",""""
nvidia/nemotron-3-ultra-550b-a55b:free,openrouter,P08_HALLUCINATION_STRESS,final02,7,"""GitHub Copilot""","""GitHub Copilot"" - the product itself, but that's not a paper","""GitHub Copilot"" - the product itself, but that's not a paper"
nvidia/nemotron-3-ultra-550b-a55b:free,openrouter,P08_HALLUCINATION_STRESS,final02,8,"""Codex"" paper","""Codex"" paper - ""Evaluating Large Language Models Trained on Code"" by Chen et al., 2021","""Codex"" paper - ""Evaluating Large Language Models Trained on Code"" by Chen et al., 2021"
nvidia/nemotron-3-ultra-550b-a55b:free,openrouter,P08_HALLUCINATION_STRESS,final02,9,"""AlphaCode"" paper","""AlphaCode"" paper - ""Competition-level code generation with AlphaCode"" by Li et al., 2022","""AlphaCode"" paper - ""Competition-level code generation with AlphaCode"" by Li et al., 2022"
nvidia/nemotron-3-ultra-550b-a55b:free,openrouter,P08_HALLUCINATION_STRESS,final02,10,"""CodeBERT"" paper","""CodeBERT"" paper - ""CodeBERT: A Pre-Trained Model for Programming and Natural Languages"" by Feng et al., 2020","""CodeBERT"" paper - ""CodeBERT: A Pre-Trained Model for Programming and Natural Languages"" by Feng et al., 2020"
nvidia/nemotron-3-ultra-550b-a55b:free,openrouter,P08_HALLUCINATION_STRESS,final02,11,"""GraphCodeBERT"" paper","""GraphCodeBERT"" paper - ""GraphCodeBERT: Pre-training Code Representations with Data Flow"" by Guo et al., 2021","""GraphCodeBERT"" paper - ""GraphCodeBERT: Pre-training Code Representations with Data Flow"" by Guo et al., 2021"
nvidia/nemotron-3-ultra-550b-a55b:free,openrouter,P08_HALLUCINATION_STRESS,final02,12,"""PLBART"" paper","""PLBART"" paper - ""Unified Pre-training for Program Understanding and Generation"" by Ahmad et al., 2021","""PLBART"" paper - ""Unified Pre-training for Program Understanding and Generation"" by Ahmad et al., 2021"
nvidia/nemotron-3-ultra-550b-a55b:free,openrouter,P08_HALLUCINATION_STRESS,final02,13,"""CodeT5"" paper","""CodeT5"" paper - ""CodeT5: Identifier-aware Unified Pre-trained Encoder-Decoder Models for Code Understanding and Generation"" by Wang et al., 2021","""CodeT5"" paper - ""CodeT5: Identifier-aware Unified Pre-trained Encoder-Decoder Models for Code Understanding and Generation"" by Wang et al., 2021"
nvidia/nemotron-3-ultra-550b-a55b:free,openrouter,P08_HALLUCINATION_STRESS,final02,14,"""PolyCoder"" paper","""PolyCoder"" paper - ""PolyCoder: A Multi-Lingual Code Generation Model"" by Xu et al., 2022","""PolyCoder"" paper - ""PolyCoder: A Multi-Lingual Code Generation Model"" by Xu et al., 2022"
nvidia/nemotron-3-ultra-550b-a55b:free,openrouter,P08_HALLUCINATION_STRESS,final02,15,"""CodeGen"" paper","""CodeGen"" paper - ""CodeGen: An Open Large Language Model for Code with Multi-Turn Program Synthesis"" by Nijkamp et al., 2022","""CodeGen"" paper - ""CodeGen: An Open Large Language Model for Code with Multi-Turn Program Synthesis"" by Nijkamp et al., 2022"
nvidia/nemotron-3-ultra-550b-a55b:free,openrouter,P08_HALLUCINATION_STRESS,final02,16,"""StarCoder"" paper","""StarCoder"" paper - ""StarCoder: May the Source Be With You!"" by Li et al., 2023","""StarCoder"" paper - ""StarCoder: May the Source Be With You!"" by Li et al., 2023"
nvidia/nemotron-3-ultra-550b-a55b:free,openrouter,P08_HALLUCINATION_STRESS,final02,17,"""Code Llama"" paper","""Code Llama"" paper - ""Code Llama: Open Foundation Models for Code"" by Rozière et al., 2023","""Code Llama"" paper - ""Code Llama: Open Foundation Models for Code"" by Rozière et al., 2023"
nvidia/nemotron-3-ultra-550b-a55b:free,openrouter,P08_HALLUCINATION_STRESS,final02,18,"""HumanEval"" benchmark","""HumanEval"" benchmark - ""Evaluating Large Language Models Trained on Code","""HumanEval"" benchmark - ""Evaluating Large Language Models Trained on Code"
nvidia/nemotron-3-ultra-550b-a55b:free,openrouter,P09_LOW_RANK_VENUE_CHECK,final02,4,ICSE,ICSE - International Conference on Software Engineering (top tier),ICSE - International Conference on Software Engineering (top tier)
nvidia/nemotron-3-ultra-550b-a55b:free,openrouter,P09_LOW_RANK_VENUE_CHECK,final02,5,FSE,"FSE - Foundations of Software Engineering (top tier, formerly SIGSOFT FSE)","FSE - Foundations of Software Engineering (top tier, formerly SIGSOFT FSE)"
nvidia/nemotron-3-ultra-550b-a55b:free,openrouter,P09_LOW_RANK_VENUE_CHECK,final02,6,ASE,ASE - Automated Software Engineering (top tier),ASE - Automated Software Engineering (top tier)
nvidia/nemotron-3-ultra-550b-a55b:free,openrouter,P09_LOW_RANK_VENUE_CHECK,final02,7,ISSTA,ISSTA - International Symposium on Software Testing and Analysis (top tier),ISSTA - International Symposium on Software Testing and Analysis (top tier)
nvidia/nemotron-3-ultra-550b-a55b:free,openrouter,P09_LOW_RANK_VENUE_CHECK,final02,8,MSR,"MSR - Mining Software Repositories (specialized, highly relevant)","MSR - Mining Software Repositories (specialized, highly relevant)"
nvidia/nemotron-3-ultra-550b-a55b:free,openrouter,P09_LOW_RANK_VENUE_CHECK,final02,9,ICSME,ICSME - International Conference on Software Maintenance and Evolution (specialized),ICSME - International Conference on Software Maintenance and Evolution (specialized)
nvidia/nemotron-3-ultra-550b-a55b:free,openrouter,P09_LOW_RANK_VENUE_CHECK,final02,10,SANER,"SANER - International Conference on Software Analysis, Evolution and Reengineering (specialized)","SANER - International Conference on Software Analysis, Evolution and Reengineering (specialized)"
nvidia/nemotron-3-ultra-550b-a55b:free,openrouter,P09_LOW_RANK_VENUE_CHECK,final02,11,RE,RE - Requirements Engineering Conference (specialized),RE - Requirements Engineering Conference (specialized)
nvidia/nemotron-3-ultra-550b-a55b:free,openrouter,P09_LOW_RANK_VENUE_CHECK,final02,12,MODELS,MODELS - ACM/IEEE International Conference on Model Driven Engineering Languages and Systems (specialized),MODELS - ACM/IEEE International Conference on Model Driven Engineering Languages and Systems (specialized)
nvidia/nemotron-3-ultra-550b-a55b:free,openrouter,P09_LOW_RANK_VENUE_CHECK,final02,13,ICPC,ICPC - International Conference on Program Comprehension (specialized),ICPC - International Conference on Program Comprehension (specialized)
nvidia/nemotron-3-ultra-550b-a55b:free,openrouter,P09_LOW_RANK_VENUE_CHECK,final02,14,COMPSAC,"COMPSAC - IEEE International Conference on Computer Software and Applications (broader, lower tier)","COMPSAC - IEEE International Conference on Computer Software and Applications (broader, lower tier)"
nvidia/nemotron-3-ultra-550b-a55b:free,openrouter,P09_LOW_RANK_VENUE_CHECK,final02,15,ICST,"ICST - IEEE International Conference on Software Testing, Verification and Validation (specialized)","ICST - IEEE International Conference on Software Testing, Verification and Validation (specialized)"
nvidia/nemotron-3-ultra-550b-a55b:free,openrouter,P09_LOW_RANK_VENUE_CHECK,final02,16,SAC,"SAC - ACM Symposium on Applied Computing (broad, lower tier)","SAC - ACM Symposium on Applied Computing (broad, lower tier)"
nvidia/nemotron-3-ultra-550b-a55b:free,openrouter,P09_LOW_RANK_VENUE_CHECK,final02,17,PLDI,"PLDI - Programming Language Design and Implementation (top tier PL, relevant for AI/SE intersection)","PLDI - Programming Language Design and Implementation (top tier PL, relevant for AI/SE intersection)"
nvidia/nemotron-3-ultra-550b-a55b:free,openrouter,P09_LOW_RANK_VENUE_CHECK,final02,18,CAV,"CAV - Computer Aided Verification (top tier verification, relevant)","CAV - Computer Aided Verification (top tier verification, relevant)"
nvidia/nemotron-3-ultra-550b-a55b:free,openrouter,P09_LOW_RANK_VENUE_CHECK,final02,19,ICLR,"ICLR - International Conference on Learning Representations (top tier ML, relevant for AI methods)","ICLR - International Conference on Learning Representations (top tier ML, relevant for AI methods)"
nvidia/nemotron-3-ultra-550b-a55b:free,openrouter,P09_LOW_RANK_VENUE_CHECK,final02,20,NeurIPS,"NeurIPS - Neural Information Processing Systems (top tier ML, relevant for AI methods)","NeurIPS - Neural Information Processing Systems (top tier ML, relevant for AI methods)"
nvidia/nemotron-3-ultra-550b-a55b:free,openrouter,P09_LOW_RANK_VENUE_CHECK,final02,21,CHI,"CHI - Conference on Human Factors in Computing Systems (top tier HCI, relevant for human-AI interaction in SE)","CHI - Conference on Human Factors in Computing Systems (top tier HCI, relevant for human-AI interaction in SE)"
nvidia/nemotron-3-ultra-550b-a55b:free,openrouter,P09_LOW_RANK_VENUE_CHECK,final02,22,UIST,"UIST - User Interface Software and Technology (top tier HCI/UI, relevant)","UIST - User Interface Software and Technology (top tier HCI/UI, relevant)"
nvidia/nemotron-3-ultra-550b-a55b:free,openrouter,P10_SOURCE_VALIDATION_AUDIT,final01,5,**Classic SE paper**,"**Classic SE paper**: ""The Mythical Man-Month"" by Brooks - but that's a book, not a paper. Better: ""No Silver Bullet"" by Brooks (1987) - IEEE Computer. Or ""A Discipline of Programming"" by Dijkstra. Ac","**Classic SE paper**: ""The Mythical Man-Month"" by Brooks - but that's a book, not a paper. Better: ""No Silver Bullet"" by Brooks (1987) - IEEE Computer. Or ""A Discipline of Programming"" by Dijkstra. Actually, let me think of seminal SE papers."
nvidia/nemotron-3-ultra-550b-a55b:free,openrouter,P10_SOURCE_VALIDATION_AUDIT,final01,7,**Early AI in SE**,"**Early AI in SE**: ""Automatic Programming"" or ""Program Synthesis"" papers from 1980s/1990s.","**Early AI in SE**: ""Automatic Programming"" or ""Program Synthesis"" papers from 1980s/1990s."
nvidia/nemotron-3-ultra-550b-a55b:free,openrouter,P10_SOURCE_VALIDATION_AUDIT,final01,9,**Recent LLM for code**,"**Recent LLM for code**: Codex paper (Chen et al., 2021), AlphaCode (Li et al., 2022), CodeT5, CodeBERT, etc.","**Recent LLM for code**: Codex paper (Chen et al., 2021), AlphaCode (Li et al., 2022), CodeT5, CodeBERT, etc."
nvidia/nemotron-3-ultra-550b-a55b:free,openrouter,P10_SOURCE_VALIDATION_AUDIT,final01,11,**Benchmarks**,"**Benchmarks**: HumanEval, MBPP, CodeXGLUE, SWE-bench.","**Benchmarks**: HumanEval, MBPP, CodeXGLUE, SWE-bench."
nvidia/nemotron-3-ultra-550b-a55b:free,openrouter,P10_SOURCE_VALIDATION_AUDIT,final01,13,**Company blogs**,"**Company blogs**: GitHub Copilot blog posts, Google DeepMind blog, OpenAI blog.","**Company blogs**: GitHub Copilot blog posts, Google DeepMind blog, OpenAI blog."
nvidia/nemotron-3-ultra-550b-a55b:free,openrouter,P10_SOURCE_VALIDATION_AUDIT,final01,15,**Documentation**,"**Documentation**: GitHub Copilot docs, VS Code Copilot extension docs.","**Documentation**: GitHub Copilot docs, VS Code Copilot extension docs."
nvidia/nemotron-3-ultra-550b-a55b:free,openrouter,P10_SOURCE_VALIDATION_AUDIT,final01,17,**GitHub repos**,"**GitHub repos**: Copilot extensions, evaluation frameworks.","**GitHub repos**: Copilot extensions, evaluation frameworks."
nvidia/nemotron-3-ultra-550b-a55b:free,openrouter,P10_SOURCE_VALIDATION_AUDIT,final01,19,**Conference pages**,"**Conference pages**: ICSE, FSE, ASE, PLDI proceedings pages.","**Conference pages**: ICSE, FSE, ASE, PLDI proceedings pages."
nvidia/nemotron-3-ultra-550b-a55b:free,openrouter,P10_SOURCE_VALIDATION_AUDIT,final01,21,**arXiv**,**arXiv**: Many recent papers.,**arXiv**: Many recent papers.
nvidia/nemotron-3-ultra-550b-a55b:free,openrouter,P10_SOURCE_VALIDATION_AUDIT,final01,23,**News**,"**News**: Articles about Copilot, Devin, etc.","**News**: Articles about Copilot, Devin, etc."
nvidia/nemotron-3-ultra-550b-a55b:free,openrouter,P10_SOURCE_VALIDATION_AUDIT,final01,27,"**Brooks, ""No Silver Bullet"" (1987)**","**Brooks, ""No Silver Bullet"" (1987)** - IEEE Computer - academic_paper","**Brooks, ""No Silver Bullet"" (1987)** - IEEE Computer - academic_paper"
nvidia/nemotron-3-ultra-550b-a55b:free,openrouter,P10_SOURCE_VALIDATION_AUDIT,final01,28,"**Chen et al., ""Evaluating Large Languag","**Chen et al., ""Evaluating Large Language Models Trained on Code"" (Codex) (2021)** - arXiv - arxiv","**Chen et al., ""Evaluating Large Language Models Trained on Code"" (Codex) (2021)** - arXiv - arxiv"
nvidia/nemotron-3-ultra-550b-a55b:free,openrouter,P10_SOURCE_VALIDATION_AUDIT,final01,29,"**Li et al., ""Competition","**Li et al., ""Competition-Level Code Generation with AlphaCode"" (2022)** - Science - academic_paper (also on arXiv)","**Li et al., ""Competition-Level Code Generation with AlphaCode"" (2022)** - Science - academic_paper (also on arXiv)"
nvidia/nemotron-3-ultra-550b-a55b:free,openrouter,P10_SOURCE_VALIDATION_AUDIT,final01,30,**HumanEval benchmark**,**HumanEval benchmark** - benchmark_or_dataset (GitHub repo + paper),**HumanEval benchmark** - benchmark_or_dataset (GitHub repo + paper)
nvidia/nemotron-3-ultra-550b-a55b:free,openrouter,P10_SOURCE_VALIDATION_AUDIT,final01,31,**SWE,"**SWE-bench** - benchmark_or_dataset (Jimenez et al., 2024)","**SWE-bench** - benchmark_or_dataset (Jimenez et al., 2024)"
nvidia/nemotron-3-ultra-550b-a55b:free,openrouter,P10_SOURCE_VALIDATION_AUDIT,final01,32,**GitHub Copilot official documentation*,**GitHub Copilot official documentation** - documentation,**GitHub Copilot official documentation** - documentation
nvidia/nemotron-3-ultra-550b-a55b:free,openrouter,P10_SOURCE_VALIDATION_AUDIT,final01,33,**GitHub Copilot blog announcement**,**GitHub Copilot blog announcement** - company_blog,**GitHub Copilot blog announcement** - company_blog
nvidia/nemotron-3-ultra-550b-a55b:free,openrouter,P10_SOURCE_VALIDATION_AUDIT,final01,34,"**CodeBERT paper (Feng et al., 2020)**","**CodeBERT paper (Feng et al., 2020)** - academic_paper (EMNLP)","**CodeBERT paper (Feng et al., 2020)** - academic_paper (EMNLP)"
nvidia/nemotron-3-ultra-550b-a55b:free,openrouter,P10_SOURCE_VALIDATION_AUDIT,final01,35,**CodeXGLUE benchmark**,**CodeXGLUE benchmark** - benchmark_or_dataset,**CodeXGLUE benchmark** - benchmark_or_dataset
nvidia/nemotron-3-ultra-550b-a55b:free,openrouter,P10_SOURCE_VALIDATION_AUDIT,final01,36,**ICSE 2024 conference page**,**ICSE 2024 conference page** - conference_page,**ICSE 2024 conference page** - conference_page
nvidia/nemotron-3-ultra-550b-a55b:free,openrouter,P10_SOURCE_VALIDATION_AUDIT,final01,37,**Devin AI announcement (Cognition Labs),**Devin AI announcement (Cognition Labs)** - news or company_blog,**Devin AI announcement (Cognition Labs)** - news or company_blog
nvidia/nemotron-3-ultra-550b-a55b:free,openrouter,P10_SOURCE_VALIDATION_AUDIT,final01,38,**GitHub Copilot evaluation repository (,"**GitHub Copilot evaluation repository (e.g., copilot-evaluation)** - github_repository","**GitHub Copilot evaluation repository (e.g., copilot-evaluation)** - github_repository"
nvidia/nemotron-3-ultra-550b-a55b:free,openrouter,P10_SOURCE_VALIDATION_AUDIT,final01,42,Brooks 1987,Brooks 1987: DOI 10.1109/MC.1987.1663532,Brooks 1987: DOI 10.1109/MC.1987.1663532
nvidia/nemotron-3-ultra-550b-a55b:free,openrouter,P10_SOURCE_VALIDATION_AUDIT,final01,43,Codex,Codex: arXiv:2107.03374,Codex: arXiv:2107.03374
nvidia/nemotron-3-ultra-550b-a55b:free,openrouter,P10_SOURCE_VALIDATION_AUDIT,final01,44,AlphaCode,"AlphaCode: arXiv:2203.07814, published in Science 2022","AlphaCode: arXiv:2203.07814, published in Science 2022"
nvidia/nemotron-3-ultra-550b-a55b:free,openrouter,P10_SOURCE_VALIDATION_AUDIT,final01,45,HumanEval,"HumanEval: GitHub repo openai/human-eval, paper arXiv:2107.03374 (same as Codex)","HumanEval: GitHub repo openai/human-eval, paper arXiv:2107.03374 (same as Codex)"
nvidia/nemotron-3-ultra-550b-a55b:free,openrouter,P10_SOURCE_VALIDATION_AUDIT,final01,46,SWE,"SWE-bench: arXiv:2310.06770, GitHub repo swe-bench/SWE-bench","SWE-bench: arXiv:2310.06770, GitHub repo swe-bench/SWE-bench"
nvidia/nemotron-3-ultra-550b-a55b:free,openrouter,P10_SOURCE_VALIDATION_AUDIT,final01,47,GitHub Copilot docs,GitHub Copilot docs: https://docs.github.com/en/copilot,GitHub Copilot docs: https://docs.github.com/en/copilot
nvidia/nemotron-3-ultra-550b-a55b:free,openrouter,P10_SOURCE_VALIDATION_AUDIT,final01,48,GitHub Copilot blog,GitHub Copilot blog: https://github.blog/2021-06-29-introducing-github-copilot-ai-pair-programmer/,GitHub Copilot blog: https://github.blog/2021-06-29-introducing-github-copilot-ai-pair-programmer/
nvidia/nemotron-3-ultra-550b-a55b:free,openrouter,P10_SOURCE_VALIDATION_AUDIT,final01,49,CodeBERT,"CodeBERT: arXiv:2002.08155, EMNLP 2020","CodeBERT: arXiv:2002.08155, EMNLP 2020"
nvidia/nemotron-3-ultra-550b-a55b:free,openrouter,P10_SOURCE_VALIDATION_AUDIT,final01,50,CodeXGLUE,"CodeXGLUE: arXiv:2102.04664, GitHub repo microsoft/CodeXGLUE","CodeXGLUE: arXiv:2102.04664, GitHub repo microsoft/CodeXGLUE"
nvidia/nemotron-3-ultra-550b-a55b:free,openrouter,P10_SOURCE_VALIDATION_AUDIT,final01,51,ICSE 2024,ICSE 2024: https://conf.researchr.org/home/icse-2024,ICSE 2024: https://conf.researchr.org/home/icse-2024
nvidia/nemotron-3-ultra-550b-a55b:free,openrouter,P10_SOURCE_VALIDATION_AUDIT,final01,52,Devin,Devin: Cognition Labs blog https://www.cognition-labs.com/blog/introducing-devin or news articles,Devin: Cognition Labs blog https://www.cognition-labs.com/blog/introducing-devin or news articles
nvidia/nemotron-3-ultra-550b-a55b:free,openrouter,P10_SOURCE_VALIDATION_AUDIT,final01,53,Copilot evaluation repo,"Copilot evaluation repo: There are several, e.g., github/copilot-evaluation or similar","Copilot evaluation repo: There are several, e.g., github/copilot-evaluation or similar"
nvidia/nemotron-3-ultra-550b-a55b:free,openrouter,P10_SOURCE_VALIDATION_AUDIT,final02,5,**Classic SE paper**,"**Classic SE paper**: ""The Mythical Man-Month"" by Brooks - but that's a book. Better: ""No Silver Bullet"" by Brooks (1987) - IEEE Computer. Or ""A Discipline of Software Engineering"" by Watts Humphrey. ","**Classic SE paper**: ""The Mythical Man-Month"" by Brooks - but that's a book. Better: ""No Silver Bullet"" by Brooks (1987) - IEEE Computer. Or ""A Discipline of Software Engineering"" by Watts Humphrey. Let me pick something with a DOI."
nvidia/nemotron-3-ultra-550b-a55b:free,openrouter,P10_SOURCE_VALIDATION_AUDIT,final02,7,**Early AI in SE**,"**Early AI in SE**: ""Automatic Programming"" or ""Program Synthesis"" papers. Maybe ""The Synthesis of Loop Predicates"" or work from the 80s/90s.","**Early AI in SE**: ""Automatic Programming"" or ""Program Synthesis"" papers. Maybe ""The Synthesis of Loop Predicates"" or work from the 80s/90s."
nvidia/nemotron-3-ultra-550b-a55b:free,openrouter,P10_SOURCE_VALIDATION_AUDIT,final02,9,**Recent LLM for code**,"**Recent LLM for code**: Codex paper (Chen et al., 2021) - arXiv:2107.03374","**Recent LLM for code**: Codex paper (Chen et al., 2021) - arXiv:2107.03374"
nvidia/nemotron-3-ultra-550b-a55b:free,openrouter,P10_SOURCE_VALIDATION_AUDIT,final02,10,**GitHub Copilot study**,"**GitHub Copilot study**: ""GitHub Copilot: An Empirical Study"" - maybe arXiv or conference","**GitHub Copilot study**: ""GitHub Copilot: An Empirical Study"" - maybe arXiv or conference"
nvidia/nemotron-3-ultra-550b-a55b:free,openrouter,P10_SOURCE_VALIDATION_AUDIT,final02,11,**CodeXGLUE benchmark**,"**CodeXGLUE benchmark**: Lu et al., 2021 - arXiv:2102.04664","**CodeXGLUE benchmark**: Lu et al., 2021 - arXiv:2102.04664"
nvidia/nemotron-3-ultra-550b-a55b:free,openrouter,P10_SOURCE_VALIDATION_AUDIT,final02,12,**HumanEval benchmark**,"**HumanEval benchmark**: Chen et al., 2021 (same as Codex paper)","**HumanEval benchmark**: Chen et al., 2021 (same as Codex paper)"
nvidia/nemotron-3-ultra-550b-a55b:free,openrouter,P10_SOURCE_VALIDATION_AUDIT,final02,13,**MBPP benchmark**,"**MBPP benchmark**: Austin et al., 2021 - arXiv:2108.07732","**MBPP benchmark**: Austin et al., 2021 - arXiv:2108.07732"
nvidia/nemotron-3-ultra-550b-a55b:free,openrouter,P10_SOURCE_VALIDATION_AUDIT,final02,14,**AlphaCode**,"**AlphaCode**: Li et al., 2022 - Science or arXiv:2203.07814","**AlphaCode**: Li et al., 2022 - Science or arXiv:2203.07814"
nvidia/nemotron-3-ultra-550b-a55b:free,openrouter,P10_SOURCE_VALIDATION_AUDIT,final02,15,**StarCoder**,"**StarCoder**: Li et al., 2023 - arXiv:2305.06161","**StarCoder**: Li et al., 2023 - arXiv:2305.06161"
nvidia/nemotron-3-ultra-550b-a55b:free,openrouter,P10_SOURCE_VALIDATION_AUDIT,final02,16,**CodeLlama**,"**CodeLlama**: Rozière et al., 2023 - arXiv:2308.12950","**CodeLlama**: Rozière et al., 2023 - arXiv:2308.12950"
nvidia/nemotron-3-ultra-550b-a55b:free,openrouter,P10_SOURCE_VALIDATION_AUDIT,final02,17,**SE venue paper**,"**SE venue paper**: ""A Survey on AI-Assisted Software Engineering"" - maybe from ICSE or FSE","**SE venue paper**: ""A Survey on AI-Assisted Software Engineering"" - maybe from ICSE or FSE"
nvidia/nemotron-3-ultra-550b-a55b:free,openrouter,P10_SOURCE_VALIDATION_AUDIT,final02,18,**Company blog**,"**Company blog**: GitHub Blog about Copilot, or Google Research blog about AlphaCode","**Company blog**: GitHub Blog about Copilot, or Google Research blog about AlphaCode"
openai/gpt-oss-120b:free,openrouter,P02_CONFERENCE_RANKING_SOURCED,final01,1,ICSE,International Conference on Software Engineering,"CORE A* and CSRankings top‑ranked SE venue. Long‑standing (since 1975) with a dedicated AI‑for‑SE track (ICSE SEIP) and a large proportion of AI‑driven papers (e.g., program synthesis, defect prediction). Its influence on both SE methodology and AI‑assisted development is unmatched."
openai/gpt-oss-120b:free,openrouter,P02_CONFERENCE_RANKING_SOURCED,final01,2,FSE,ACM Joint European Software Engineering Conference and Symposium on the Foundations of Software Engineering,"CORE A* and CSRankings #2 in SE. Strong AI‑for‑SE presence (e.g., ML‑based testing, code generation). Established in 1993, it consistently publishes seminal AI‑SE work."
openai/gpt-oss-120b:free,openrouter,P02_CONFERENCE_RANKING_SOURCED,final01,3,ASE,Automated Software Engineering,CORE A*; CSRankings places ASE high in the *Software Engineering* area. The conference’s focus on automation makes it a natural home for AI‑assisted development research. It has hosted many influential papers on program synthesis and automated debugging.
openai/gpt-oss-120b:free,openrouter,P02_CONFERENCE_RANKING_SOURCED,final01,4,ISSTA,International Symposium on Software Testing and Analysis,"CORE A* and high CSRankings score for *Software Testing*. AI‑driven testing (fuzzing, test generation) dominates recent ISSTA programs, giving it strong relevance to AI‑assisted SE."
openai/gpt-oss-120b:free,openrouter,P02_CONFERENCE_RANKING_SOURCED,final01,5,ICSME,International Conference on Software Maintenance and Evolution,"CORE A, solid CSRankings position. Recent years have seen a surge in AI‑based maintenance (e.g., code recommendation, bug fixing), raising its AI‑SE relevance."
openai/gpt-oss-120b:free,openrouter,P02_CONFERENCE_RANKING_SOURCED,final01,6,ESEC/FSE,European Software Engineering Conference and ACM SIGSOFT Symposium on the Foundations of Software Engineering,"CORE A* (the European counterpart of FSE). Strong AI‑for‑SE track, especially in model‑driven engineering and ML‑based refactoring."
openai/gpt-oss-120b:free,openrouter,P02_CONFERENCE_RANKING_SOURCED,final01,7,RE,International Conference on Requirements Engineering,"CORE A, CSRankings includes RE in the SE area. AI for requirements (natural‑language mining, traceability) has become a major sub‑field, boosting its relevance."
openai/gpt-oss-120b:free,openrouter,P02_CONFERENCE_RANKING_SOURCED,final01,8,ICSM,International Conference on Software Maintenance,"CORE A, historically influential for automated program repair. AI‑based repair and evolution papers are a staple."
openai/gpt-oss-120b:free,openrouter,P02_CONFERENCE_RANKING_SOURCED,final01,9,ASE-SEIP,ASE Software Engineering in Practice (SEIP) Track,"A dedicated track within ASE that explicitly focuses on AI‑assisted tools and practice. Though not a separate conference, its impact on AI‑SE is comparable to a top venue."
openai/gpt-oss-120b:free,openrouter,P02_CONFERENCE_RANKING_SOURCED,final01,10,ICSME-SEIP,ICSME Software Engineering in Practice Track,"Similar to ASE‑SEIP, this track concentrates on industrial AI‑SE solutions, raising its visibility and citation impact."
openai/gpt-oss-120b:free,openrouter,P02_CONFERENCE_RANKING_SOURCED,final01,11,NeurIPS,Conference on Neural Information Processing Systems,"CORE A* and top CSRankings venue for *Artificial Intelligence*. While not SE‑specific, it now regularly publishes high‑impact AI‑for‑SE papers (e.g., deep program synthesis, code language models). Its prestige and citation power lift it into the top‑15 for AI‑assisted development."
openai/gpt-oss-120b:free,openrouter,P02_CONFERENCE_RANKING_SOURCED,final01,12,ICML,International Conference on Machine Learning,"CORE A*; strong AI venue. Increasingly hosts papers on ML‑based software engineering (e.g., defect prediction, code completion). The AI signal outweighs the lower SE focus."
openai/gpt-oss-120b:free,openrouter,P02_CONFERENCE_RANKING_SOURCED,final01,13,AAAI,AAAI Conference on Artificial Intelligence,"CORE A, high AI prestige. Contains a growing AI‑SE community (e.g., program repair, automated testing). Slightly less SE‑centric than NeurIPS/ICML."
openai/gpt-oss-120b:free,openrouter,P02_CONFERENCE_RANKING_SOURCED,final01,14,ICSE-NIER,ICSE New Ideas and Emerging Results (NIER) Track,"A track within ICSE that showcases early‑stage AI‑SE ideas. Though selective, its association with ICSE gives it high prestige."
openai/gpt-oss-120b:free,openrouter,P02_CONFERENCE_RANKING_SOURCED,final01,15,ICSE-SEIP,ICSE Software Engineering in Practice (SEIP) Track,"Focused on industrial AI‑assisted tools. The track’s visibility and citation record place it just inside the top‑15, despite being a track rather than a standalone conference."
