model,provider,prompt_id,run_id,rank,title,authors,year,venue,claimed_affiliation
claude-sonnet-4-6,anthropic,SE_PAPERS,imp01-s1,1,No Silver Bullet: Essence and Accidents of Software Engineering,"[""Frederick P. Brooks Jr.""]",1987,IEEE Computer,University of North Carolina at Chapel Hill
claude-sonnet-4-6,anthropic,SE_PAPERS,imp01-s1,2,On the Criteria To Be Used in Decomposing Systems into Modules,"[""David L. Parnas""]",1972,Communications of the ACM,Carnegie Mellon University
claude-sonnet-4-6,anthropic,SE_PAPERS,imp01-s1,3,A Relational Model of Data for Large Shared Data Banks,"[""Edgar F. Codd""]",1970,Communications of the ACM,"IBM Research Laboratory, San Jose"
claude-sonnet-4-6,anthropic,SE_PAPERS,imp01-s1,4,Go To Statement Considered Harmful,"[""Edsger W. Dijkstra""]",1968,Communications of the ACM,Eindhoven University of Technology
claude-sonnet-4-6,anthropic,SE_PAPERS,imp01-s1,5,Design Patterns: Elements of Reusable Object-Oriented Software,"[""Erich Gamma"", ""Richard Helm"", ""Ralph Johnson"", ""John Vlissides""]",1994,Addison-Wesley (Book),University of Zurich (PhD work; published while at Taligent/consulting)
claude-sonnet-4-6,anthropic,SE_PAPERS,imp01-s1,6,Programming as Theory Building,"[""Peter Naur""]",1985,Microprocessing and Microprogramming,University of Copenhagen
claude-sonnet-4-6,anthropic,SE_PAPERS,imp01-s1,7,Structured Design,"[""W. Stevens"", ""G. Myers"", ""L. Constantine""]",1974,IBM Systems Journal,IBM
claude-sonnet-4-6,anthropic,SE_PAPERS,imp01-s1,8,An Axiomatic Basis for Computer Programming,"[""C. A. R. Hoare""]",1969,Communications of the ACM,Queen's University Belfast
claude-sonnet-4-6,anthropic,SE_PAPERS,imp01-s1,9,Managing the Development of Large Software Systems,"[""Winston W. Royce""]",1970,Proceedings of IEEE WESCON,TRW Systems
claude-sonnet-4-6,anthropic,SE_PAPERS,imp01-s1,10,A Spiral Model of Software Development and Enhancement,"[""Barry W. Boehm""]",1988,IEEE Computer,TRW Defense Systems Group / University of Southern California
claude-sonnet-4-6,anthropic,SE_PAPERS,imp01-s1,11,Manifesto for Agile Software Development,"[""Kent Beck"", ""Mike Beedle"", ""Arie van Bennekum"", ""Alistair Cockburn"", ""Ward Cunningham"", ""Martin Fowler"", ""James Grenning"", ""Jim Highsmith"", ""Andrew Hunt"", ""Ron Jeffries"", ""Jon Kern"", ""Brian Marick"", ""Robert C. Martin"", ""Steve Mellor"", ""Ken Schwaber"", ""Jeff Sutherland"", ""Dave Thomas""]",2001,agilemanifesto.org (Online),"Independent consultant (Kent Beck at Snowbird, Utah meeting)"
claude-sonnet-4-6,anthropic,SE_PAPERS,imp01-s1,12,Software Engineering Economics,"[""Barry W. Boehm""]",1981,Prentice-Hall (Book),TRW Defense Systems Group
claude-sonnet-4-6,anthropic,SE_PAPERS,imp01-s1,13,Mythical Man-Month: Essays on Software Engineering,"[""Frederick P. Brooks Jr.""]",1975,Addison-Wesley (Book),University of North Carolina at Chapel Hill
claude-sonnet-4-6,anthropic,SE_PAPERS,imp01-s1,14,Refactoring: Improving the Design of Existing Code,"[""Martin Fowler"", ""Kent Beck"", ""John Brant"", ""William Opdyke"", ""Don Roberts""]",1999,Addison-Wesley (Book),Independent consultant (ThoughtWorks)
claude-sonnet-4-6,anthropic,SE_PAPERS,imp01-s1,15,A Complexity Measure,"[""Thomas J. McCabe""]",1976,IEEE Transactions on Software Engineering,McCabe & Associates / U.S. Navy (contractor)
claude-sonnet-4-6,anthropic,SE_PAPERS,imp01-s2,1,No Silver Bullet: Essence and Accidents of Software Engineering,"[""Frederick P. Brooks Jr.""]",1987,IEEE Computer,University of North Carolina at Chapel Hill
claude-sonnet-4-6,anthropic,SE_PAPERS,imp01-s2,2,A Relational Model of Data for Large Shared Data Banks,"[""Edgar F. Codd""]",1970,Communications of the ACM,"IBM Research Laboratory, San Jose"
claude-sonnet-4-6,anthropic,SE_PAPERS,imp01-s2,3,Go To Statement Considered Harmful,"[""Edsger W. Dijkstra""]",1968,Communications of the ACM,Eindhoven University of Technology
claude-sonnet-4-6,anthropic,SE_PAPERS,imp01-s2,4,On the Criteria To Be Used in Decomposing Systems into Modules,"[""David L. Parnas""]",1972,Communications of the ACM,Carnegie Mellon University
claude-sonnet-4-6,anthropic,SE_PAPERS,imp01-s2,5,Design Patterns: Elements of Reusable Object-Oriented Software,"[""Erich Gamma"", ""Richard Helm"", ""Ralph Johnson"", ""John Vlissides""]",1994,Addison-Wesley (Book),University of Zurich (doctoral work; IBM Zurich Research Lab at time of publication)
claude-sonnet-4-6,anthropic,SE_PAPERS,imp01-s2,6,Managing the Development of Large Software Systems,"[""Winston W. Royce""]",1970,Proceedings of IEEE WESCON,TRW Systems
claude-sonnet-4-6,anthropic,SE_PAPERS,imp01-s2,7,Structured Design,"[""W. Stevens"", ""G. Myers"", ""L. Constantine""]",1974,IBM Systems Journal,IBM
claude-sonnet-4-6,anthropic,SE_PAPERS,imp01-s2,8,A Complexity Measure,"[""Thomas J. McCabe""]",1976,IEEE Transactions on Software Engineering,McCabe & Associates
claude-sonnet-4-6,anthropic,SE_PAPERS,imp01-s2,9,Software Aging,"[""David Lorge Parnas""]",1994,Proceedings of the 16th International Conference on Software Engineering (ICSE),McMaster University
claude-sonnet-4-6,anthropic,SE_PAPERS,imp01-s2,10,Manifesto for Agile Software Development,"[""Kent Beck"", ""Mike Beedle"", ""Arie van Bennekum"", ""Alistair Cockburn"", ""Ward Cunningham"", ""Martin Fowler"", ""James Grenning"", ""Jim Highsmith"", ""Andrew Hunt"", ""Ron Jeffries"", ""Jon Kern"", ""Brian Marick"", ""Robert C. Martin"", ""Steve Mellor"", ""Ken Schwaber"", ""Jeff Sutherland"", ""Dave Thomas""]",2001,agilemanifesto.org (Online manifesto),Independent consultant (Three Rivers Institute)
claude-sonnet-4-6,anthropic,SE_PAPERS,imp01-s2,11,An Empirical Study of the Reliability of UNIX Utilities,"[""Barton P. Miller"", ""Lars Fredriksen"", ""Bryan So""]",1990,Communications of the ACM,University of Wisconsin–Madison
claude-sonnet-4-6,anthropic,SE_PAPERS,imp01-s2,12,Refactoring: Improving the Design of Existing Code,"[""Martin Fowler"", ""Kent Beck"", ""John Brant"", ""William Opdyke"", ""Don Roberts""]",1999,Addison-Wesley (Book),Independent consultant (ThoughtWorks)
claude-sonnet-4-6,anthropic,SE_PAPERS,imp01-s2,13,Extreme Programming Explained: Embrace Change,"[""Kent Beck""]",1999,Addison-Wesley (Book),Independent consultant (Three Rivers Institute)
claude-sonnet-4-6,anthropic,SE_PAPERS,imp01-s2,14,A Survey of Software Testing,"[""Elaine J. Weyuker"", ""Phyllis G. Frankl""]",1988,IEEE Computer,New York University
claude-sonnet-4-6,anthropic,SE_PAPERS,imp01-s2,15,The UNIX Time-Sharing System,"[""Dennis M. Ritchie"", ""Ken Thompson""]",1974,Communications of the ACM,Bell Telephone Laboratories
claude-sonnet-4-6,anthropic,SE_PAPERS,imp01-s3,1,No Silver Bullet: Essence and Accidents of Software Engineering,"[""Fred Brooks""]",1987,IEEE Computer,University of North Carolina at Chapel Hill
claude-sonnet-4-6,anthropic,SE_PAPERS,imp01-s3,2,A Relational Model of Data for Large Shared Data Banks,"[""Edgar F. Codd""]",1970,Communications of the ACM,"IBM Research Laboratory, San Jose"
claude-sonnet-4-6,anthropic,SE_PAPERS,imp01-s3,3,Design Patterns: Elements of Reusable Object-Oriented Software,"[""Erich Gamma"", ""Richard Helm"", ""Ralph Johnson"", ""John Vlissides""]",1994,Addison-Wesley (Book),University of Zurich (doctoral work; working at Taligent/IBM at publication)
claude-sonnet-4-6,anthropic,SE_PAPERS,imp01-s3,4,Goto Statement Considered Harmful,"[""Edsger W. Dijkstra""]",1968,Communications of the ACM,Eindhoven University of Technology
claude-sonnet-4-6,anthropic,SE_PAPERS,imp01-s3,5,On the Criteria To Be Used in Decomposing Systems into Modules,"[""David L. Parnas""]",1972,Communications of the ACM,Carnegie Mellon University
claude-sonnet-4-6,anthropic,SE_PAPERS,imp01-s3,6,Managing the Development of Large Software Systems,"[""Winston W. Royce""]",1970,Proceedings of IEEE WESCON,TRW Systems
claude-sonnet-4-6,anthropic,SE_PAPERS,imp01-s3,7,Manifesto for Agile Software Development,"[""Kent Beck"", ""Mike Beedle"", ""Arie van Bennekum"", ""Alistair Cockburn"", ""Ward Cunningham"", ""Martin Fowler"", ""James Grenning"", ""Jim Highsmith"", ""Andrew Hunt"", ""Ron Jeffries"", ""Jon Kern"", ""Brian Marick"", ""Robert C. Martin"", ""Steve Mellor"", ""Ken Schwaber"", ""Jeff Sutherland"", ""Dave Thomas""]",2001,agilemanifesto.org (online publication),Independent consultant (ThreeRivers Institute)
claude-sonnet-4-6,anthropic,SE_PAPERS,imp01-s3,8,A Complexity Measure,"[""Thomas J. McCabe""]",1976,IEEE Transactions on Software Engineering,McCabe & Associates
claude-sonnet-4-6,anthropic,SE_PAPERS,imp01-s3,9,Software Aging,"[""David L. Parnas""]",1994,Proceedings of the 16th International Conference on Software Engineering (ICSE),McMaster University
claude-sonnet-4-6,anthropic,SE_PAPERS,imp01-s3,10,An Empirical Study of the Reliability of UNIX Utilities,"[""Barton P. Miller"", ""Louis Fredriksen"", ""Bryan So""]",1990,Communications of the ACM,University of Wisconsin–Madison
claude-sonnet-4-6,anthropic,SE_PAPERS,imp01-s3,11,"Recursive Functions of Symbolic Expressions and Their Computation by Machine, Part I","[""John McCarthy""]",1960,Communications of the ACM,Massachusetts Institute of Technology
claude-sonnet-4-6,anthropic,SE_PAPERS,imp01-s3,12,Specification and Verification of Concurrent Programs by Assertions,"[""Susan L. Owicki"", ""David Gries""]",1976,Communications of the ACM,Stanford University
claude-sonnet-4-6,anthropic,SE_PAPERS,imp01-s3,13,An Axiomatic Basis for Computer Programming,"[""C. A. R. Hoare""]",1969,Communications of the ACM,The Queen's University of Belfast
claude-sonnet-4-6,anthropic,SE_PAPERS,imp01-s3,14,Communicating Sequential Processes,"[""C. A. R. Hoare""]",1978,Communications of the ACM,University of Oxford
claude-sonnet-4-6,anthropic,SE_PAPERS,imp01-s3,15,Mining Software Repositories to Study Software Evolution,"[""Harald Gall"", ""Beat Fluri"", ""Martin Pinzger""]",2009,IEEE Software,University of Zurich
claude-sonnet-4-6,anthropic,VIS_PAPERS,imp01-s1,1,ImageNet Large Scale Visual Recognition Challenge,"[""Olga Russakovsky"", ""Jia Deng"", ""Hao Su"", ""Jonathan Krause"", ""Sanjeev Satheesh"", ""Sean Ma"", ""Zhiheng Huang"", ""Andrej Karpathy"", ""Aditya Khosla"", ""Michael Bernstein"", ""Alexander C. Berg"", ""Li Fei-Fei""]",2015,International Journal of Computer Vision (IJCV),Stanford University
claude-sonnet-4-6,anthropic,VIS_PAPERS,imp01-s1,2,ImageNet Classification with Deep Convolutional Neural Networks,"[""Alex Krizhevsky"", ""Ilya Sutskever"", ""Geoffrey E. Hinton""]",2012,NeurIPS (NIPS),University of Toronto
claude-sonnet-4-6,anthropic,VIS_PAPERS,imp01-s1,3,Deep Residual Learning for Image Recognition,"[""Kaiming He"", ""Xiangyu Zhang"", ""Shaoqing Ren"", ""Jian Sun""]",2016,IEEE Conference on Computer Vision and Pattern Recognition (CVPR),Microsoft Research Asia
claude-sonnet-4-6,anthropic,VIS_PAPERS,imp01-s1,4,Very Deep Convolutional Networks for Large-Scale Image Recognition,"[""Karen Simonyan"", ""Andrew Zisserman""]",2015,International Conference on Learning Representations (ICLR),University of Oxford
claude-sonnet-4-6,anthropic,VIS_PAPERS,imp01-s1,5,Generative Adversarial Nets,"[""Ian Goodfellow"", ""Jean Pouget-Abadie"", ""Mehdi Mirza"", ""Bing Xu"", ""David Warde-Farley"", ""Sherjil Ozair"", ""Aaron Courville"", ""Yoshua Bengio""]",2014,NeurIPS (NIPS),Université de Montréal
claude-sonnet-4-6,anthropic,VIS_PAPERS,imp01-s1,6,Fully Convolutional Networks for Semantic Segmentation,"[""Jonathan Long"", ""Evan Shelhamer"", ""Trevor Darrell""]",2015,IEEE Conference on Computer Vision and Pattern Recognition (CVPR),"University of California, Berkeley"
claude-sonnet-4-6,anthropic,VIS_PAPERS,imp01-s1,7,Faster R-CNN: Towards Real-Time Object Detection with Region Proposal Networks,"[""Shaoqing Ren"", ""Kaiming He"", ""Ross Girshick"", ""Jian Sun""]",2015,NeurIPS (NIPS),Microsoft Research Asia
claude-sonnet-4-6,anthropic,VIS_PAPERS,imp01-s1,8,Rich Feature Hierarchies for Accurate Object Detection and Semantic Segmentation,"[""Ross Girshick"", ""Jeff Donahue"", ""Trevor Darrell"", ""Jitendra Malik""]",2014,IEEE Conference on Computer Vision and Pattern Recognition (CVPR),"University of California, Berkeley"
claude-sonnet-4-6,anthropic,VIS_PAPERS,imp01-s1,9,U-Net: Convolutional Networks for Biomedical Image Segmentation,"[""Olaf Ronneberger"", ""Philipp Fischer"", ""Thomas Brox""]",2015,Medical Image Computing and Computer-Assisted Intervention (MICCAI),University of Freiburg
claude-sonnet-4-6,anthropic,VIS_PAPERS,imp01-s1,10,Batch Normalization: Accelerating Deep Network Training by Reducing Internal Covariate Shift,"[""Sergey Ioffe"", ""Christian Szegedy""]",2015,International Conference on Machine Learning (ICML),Google
claude-sonnet-4-6,anthropic,VIS_PAPERS,imp01-s1,11,Going Deeper with Convolutions,"[""Christian Szegedy"", ""Wei Liu"", ""Yangqing Jia"", ""Pierre Sermanet"", ""Scott Reed"", ""Dragomir Anguelov"", ""Dumitru Erhan"", ""Vincent Vanhoucke"", ""Andrew Rabinovich""]",2015,IEEE Conference on Computer Vision and Pattern Recognition (CVPR),Google
claude-sonnet-4-6,anthropic,VIS_PAPERS,imp01-s1,12,An Image is Worth 16x16 Words: Transformers for Image Recognition at Scale,"[""Alexey Dosovitskiy"", ""Lucas Beyer"", ""Alexander Kolesnikov"", ""Dirk Weissenborn"", ""Xiaohua Zhai"", ""Thomas Unterthiner"", ""Mostafa Dehghani"", ""Matthias Minderer"", ""Georg Heigold"", ""Sylvain Gelly"", ""Jakob Uszkoreit"", ""Neil Houlsby""]",2021,International Conference on Learning Representations (ICLR),Google Brain
claude-sonnet-4-6,anthropic,VIS_PAPERS,imp01-s1,13,Attention Is All You Need,"[""Ashish Vaswani"", ""Noam Shazeer"", ""Niki Parmar"", ""Jakob Uszkoreit"", ""Llion Jones"", ""Aidan N. Gomez"", ""Łukasz Kaiser"", ""Illia Polosukhin""]",2017,NeurIPS,Google Brain
claude-sonnet-4-6,anthropic,VIS_PAPERS,imp01-s1,14,Mask R-CNN,"[""Kaiming He"", ""Georgia Gkioxari"", ""Piotr Dollár"", ""Ross Girshick""]",2017,IEEE International Conference on Computer Vision (ICCV),Facebook AI Research (FAIR)
claude-sonnet-4-6,anthropic,VIS_PAPERS,imp01-s1,15,A Scale Invariant Feature Transform (SIFT),"[""David G. Lowe""]",2004,International Journal of Computer Vision (IJCV),University of British Columbia
claude-sonnet-4-6,anthropic,VIS_PAPERS,imp01-s2,1,ImageNet Large Scale Visual Recognition Challenge,"[""Olga Russakovsky"", ""Jia Deng"", ""Hao Su"", ""Jonathan Krause"", ""Sanjeev Satheesh"", ""Sean Ma"", ""Zhiheng Huang"", ""Andrej Karpathy"", ""Aditya Khosla"", ""Michael Bernstein"", ""Alexander C. Berg"", ""Li Fei-Fei""]",2015,International Journal of Computer Vision (IJCV),Stanford University
claude-sonnet-4-6,anthropic,VIS_PAPERS,imp01-s2,2,Deep Residual Learning for Image Recognition,"[""Kaiming He"", ""Xiangyu Zhang"", ""Shaoqing Ren"", ""Jian Sun""]",2016,IEEE Conference on Computer Vision and Pattern Recognition (CVPR),Microsoft Research Asia
claude-sonnet-4-6,anthropic,VIS_PAPERS,imp01-s2,3,ImageNet Classification with Deep Convolutional Neural Networks,"[""Alex Krizhevsky"", ""Ilya Sutskever"", ""Geoffrey E. Hinton""]",2012,Advances in Neural Information Processing Systems (NeurIPS),University of Toronto
claude-sonnet-4-6,anthropic,VIS_PAPERS,imp01-s2,4,Generative Adversarial Nets,"[""Ian Goodfellow"", ""Jean Pouget-Abadie"", ""Mehdi Mirza"", ""Bing Xu"", ""David Warde-Farley"", ""Sherjil Ozair"", ""Aaron Courville"", ""Yoshua Bengio""]",2014,Advances in Neural Information Processing Systems (NeurIPS),Université de Montréal
claude-sonnet-4-6,anthropic,VIS_PAPERS,imp01-s2,5,Faster R-CNN: Towards Real-Time Object Detection with Region Proposal Networks,"[""Shaoqing Ren"", ""Kaiming He"", ""Ross Girshick"", ""Jian Sun""]",2015,Advances in Neural Information Processing Systems (NeurIPS),Microsoft Research Asia
claude-sonnet-4-6,anthropic,VIS_PAPERS,imp01-s2,6,Very Deep Convolutional Networks for Large-Scale Image Recognition,"[""Karen Simonyan"", ""Andrew Zisserman""]",2015,International Conference on Learning Representations (ICLR),University of Oxford (Visual Geometry Group)
claude-sonnet-4-6,anthropic,VIS_PAPERS,imp01-s2,7,An Image is Worth 16x16 Words: Transformers for Image Recognition at Scale,"[""Alexey Dosovitskiy"", ""Lucas Beyer"", ""Alexander Kolesnikov"", ""Dirk Weissenborn"", ""Xiaohua Zhai"", ""Thomas Unterthiner"", ""Mostafa Dehghani"", ""Matthias Minderer"", ""Georg Heigold"", ""Sylvain Gelly"", ""Jakob Uszkoreit"", ""Neil Houlsby""]",2021,International Conference on Learning Representations (ICLR),Google Brain
claude-sonnet-4-6,anthropic,VIS_PAPERS,imp01-s2,8,Rich Feature Hierarchies for Accurate Object Detection and Semantic Segmentation,"[""Ross Girshick"", ""Jeff Donahue"", ""Trevor Darrell"", ""Jitendra Malik""]",2014,IEEE Conference on Computer Vision and Pattern Recognition (CVPR),"University of California, Berkeley"
claude-sonnet-4-6,anthropic,VIS_PAPERS,imp01-s2,9,Fully Convolutional Networks for Semantic Segmentation,"[""Jonathan Long"", ""Evan Shelhamer"", ""Trevor Darrell""]",2015,IEEE Conference on Computer Vision and Pattern Recognition (CVPR),"University of California, Berkeley"
claude-sonnet-4-6,anthropic,VIS_PAPERS,imp01-s2,10,U-Net: Convolutional Networks for Biomedical Image Segmentation,"[""Olaf Ronneberger"", ""Philipp Fischer"", ""Thomas Brox""]",2015,Medical Image Computing and Computer-Assisted Intervention (MICCAI),University of Freiburg
claude-sonnet-4-6,anthropic,VIS_PAPERS,imp01-s2,11,Batch Normalization: Accelerating Deep Network Training by Reducing Internal Covariate Shift,"[""Sergey Ioffe"", ""Christian Szegedy""]",2015,International Conference on Machine Learning (ICML),Google Inc.
claude-sonnet-4-6,anthropic,VIS_PAPERS,imp01-s2,12,Feature Pyramid Networks for Object Detection,"[""Tsung-Yi Lin"", ""Piotr Dollár"", ""Ross Girshick"", ""Kaiming He"", ""Bharath Hariharan"", ""Serge Belongie""]",2017,IEEE Conference on Computer Vision and Pattern Recognition (CVPR),Cornell University / Facebook AI Research
claude-sonnet-4-6,anthropic,VIS_PAPERS,imp01-s2,13,Going Deeper with Convolutions (GoogLeNet / Inception),"[""Christian Szegedy"", ""Wei Liu"", ""Yangqing Jia"", ""Pierre Sermanet"", ""Scott Reed"", ""Dragomir Anguelov"", ""Dumitru Erhan"", ""Vincent Vanhoucke"", ""Andrew Rabinovich""]",2015,IEEE Conference on Computer Vision and Pattern Recognition (CVPR),Google Inc.
claude-sonnet-4-6,anthropic,VIS_PAPERS,imp01-s2,14,Attention Is All You Need,"[""Ashish Vaswani"", ""Noam Shazeer"", ""Niki Parmar"", ""Jakob Uszkoreit"", ""Llion Jones"", ""Aidan N. Gomez"", ""Łukasz Kaiser"", ""Illia Polosukhin""]",2017,Advances in Neural Information Processing Systems (NeurIPS),Google Brain
claude-sonnet-4-6,anthropic,VIS_PAPERS,imp01-s2,15,Masked Autoencoders Are Scalable Vision Learners,"[""Kaiming He"", ""Xinlei Chen"", ""Saining Xie"", ""Yanghao Li"", ""Piotr Dollár"", ""Ross Girshick""]",2022,IEEE Conference on Computer Vision and Pattern Recognition (CVPR),Meta AI Research (FAIR)
claude-sonnet-4-6,anthropic,VIS_PAPERS,imp01-s3,1,ImageNet Large Scale Visual Recognition Challenge,"[""Olga Russakovsky"", ""Jia Deng"", ""Hao Su"", ""Jonathan Krause"", ""Sanjeev Satheesh"", ""Sean Ma"", ""Zhiheng Huang"", ""Andrej Karpathy"", ""Aditya Khosla"", ""Michael Bernstein"", ""Alexander C. Berg"", ""Li Fei-Fei""]",2015,International Journal of Computer Vision (IJCV),Stanford University
claude-sonnet-4-6,anthropic,VIS_PAPERS,imp01-s3,2,Deep Residual Learning for Image Recognition,"[""Kaiming He"", ""Xiangyu Zhang"", ""Shaoqing Ren"", ""Jian Sun""]",2016,IEEE Conference on Computer Vision and Pattern Recognition (CVPR),Microsoft Research Asia
claude-sonnet-4-6,anthropic,VIS_PAPERS,imp01-s3,3,ImageNet Classification with Deep Convolutional Neural Networks,"[""Alex Krizhevsky"", ""Ilya Sutskever"", ""Geoffrey E. Hinton""]",2012,Advances in Neural Information Processing Systems (NeurIPS),University of Toronto
claude-sonnet-4-6,anthropic,VIS_PAPERS,imp01-s3,4,Generative Adversarial Nets,"[""Ian Goodfellow"", ""Jean Pouget-Abadie"", ""Mehdi Mirza"", ""Bing Xu"", ""David Warde-Farley"", ""Sherjil Ozair"", ""Aaron Courville"", ""Yoshua Bengio""]",2014,Advances in Neural Information Processing Systems (NeurIPS),Université de Montréal
claude-sonnet-4-6,anthropic,VIS_PAPERS,imp01-s3,5,Faster R-CNN: Towards Real-Time Object Detection with Region Proposal Networks,"[""Shaoqing Ren"", ""Kaiming He"", ""Ross Girshick"", ""Jian Sun""]",2015,Advances in Neural Information Processing Systems (NeurIPS),Microsoft Research Asia
claude-sonnet-4-6,anthropic,VIS_PAPERS,imp01-s3,6,"You Only Look Once: Unified, Real-Time Object Detection","[""Joseph Redmon"", ""Santosh Divvala"", ""Ross Girshick"", ""Ali Farhadi""]",2016,IEEE Conference on Computer Vision and Pattern Recognition (CVPR),University of Washington
claude-sonnet-4-6,anthropic,VIS_PAPERS,imp01-s3,7,U-Net: Convolutional Networks for Biomedical Image Segmentation,"[""Olaf Ronneberger"", ""Philipp Fischer"", ""Thomas Brox""]",2015,Medical Image Computing and Computer-Assisted Intervention (MICCAI),University of Freiburg
claude-sonnet-4-6,anthropic,VIS_PAPERS,imp01-s3,8,Very Deep Convolutional Networks for Large-Scale Image Recognition,"[""Karen Simonyan"", ""Andrew Zisserman""]",2015,International Conference on Learning Representations (ICLR),University of Oxford
claude-sonnet-4-6,anthropic,VIS_PAPERS,imp01-s3,9,Fully Convolutional Networks for Semantic Segmentation,"[""Jonathan Long"", ""Evan Shelhamer"", ""Trevor Darrell""]",2015,IEEE Conference on Computer Vision and Pattern Recognition (CVPR),"University of California, Berkeley"
claude-sonnet-4-6,anthropic,VIS_PAPERS,imp01-s3,10,Attention Is All You Need,"[""Ashish Vaswani"", ""Noam Shazeer"", ""Niki Parmar"", ""Jakob Uszkoreit"", ""Llion Jones"", ""Aidan N. Gomez"", ""Łukasz Kaiser"", ""Illia Polosukhin""]",2017,Advances in Neural Information Processing Systems (NeurIPS),Google Brain
claude-sonnet-4-6,anthropic,VIS_PAPERS,imp01-s3,11,An Image is Worth 16x16 Words: Transformers for Image Recognition at Scale,"[""Alexey Dosovitskiy"", ""Lucas Beyer"", ""Alexander Kolesnikov"", ""Dirk Weissenborn"", ""Xiaohua Zhai"", ""Thomas Unterthiner"", ""Mostafa Dehghani"", ""Matthias Minderer"", ""Georg Heigold"", ""Sylvain Gelly"", ""Jakob Uszkoreit"", ""Neil Houlsby""]",2021,International Conference on Learning Representations (ICLR),"Google Research, Brain Team"
claude-sonnet-4-6,anthropic,VIS_PAPERS,imp01-s3,12,Rich Feature Hierarchies for Accurate Object Detection and Semantic Segmentation,"[""Ross Girshick"", ""Jeff Donahue"", ""Trevor Darrell"", ""Jitendra Malik""]",2014,IEEE Conference on Computer Vision and Pattern Recognition (CVPR),"University of California, Berkeley"
claude-sonnet-4-6,anthropic,VIS_PAPERS,imp01-s3,13,Going Deeper with Convolutions,"[""Christian Szegedy"", ""Wei Liu"", ""Yangqing Jia"", ""Pierre Sermanet"", ""Scott Reed"", ""Dragomir Anguelov"", ""Dumitru Erhan"", ""Vincent Vanhoucke"", ""Andrew Rabinovich""]",2015,IEEE Conference on Computer Vision and Pattern Recognition (CVPR),Google Inc.
claude-sonnet-4-6,anthropic,VIS_PAPERS,imp01-s3,14,Mask R-CNN,"[""Kaiming He"", ""Georgia Gkioxari"", ""Piotr Dollár"", ""Ross Girshick""]",2017,IEEE International Conference on Computer Vision (ICCV),Facebook AI Research (FAIR)
claude-sonnet-4-6,anthropic,VIS_PAPERS,imp01-s3,15,Batch Normalization: Accelerating Deep Network Training by Reducing Internal Covariate Shift,"[""Sergey Ioffe"", ""Christian Szegedy""]",2015,International Conference on Machine Learning (ICML),Google Inc.
gemini-3.1-pro-preview,gemini,SE_PAPERS,imp01-s1,1,On the criteria to be used in decomposing systems into modules,"[""David L. Parnas""]",1972,Communications of the ACM,Carnegie-Mellon University
gemini-3.1-pro-preview,gemini,SE_PAPERS,imp01-s1,2,Symbolic execution and program testing,"[""James C. King""]",1976,Communications of the ACM,IBM Thomas J. Watson Research Center
gemini-3.1-pro-preview,gemini,SE_PAPERS,imp01-s1,3,Program Slicing,"[""Mark Weiser""]",1981,Proceedings of the 5th International Conference on Software Engineering (ICSE),University of Maryland
gemini-3.1-pro-preview,gemini,SE_PAPERS,imp01-s1,4,No Silver Bullet: Essence and Accidents of Software Engineering,"[""Frederick P. Brooks Jr.""]",1987,Computer (IEEE),University of North Carolina at Chapel Hill
gemini-3.1-pro-preview,gemini,SE_PAPERS,imp01-s1,5,Statecharts: a visual formalism for complex systems,"[""David Harel""]",1987,Science of Computer Programming,Weizmann Institute of Science
gemini-3.1-pro-preview,gemini,SE_PAPERS,imp01-s1,6,A spiral model of software development and enhancement,"[""Barry W. Boehm""]",1988,Computer (IEEE),TRW Defense Systems Group
gemini-3.1-pro-preview,gemini,SE_PAPERS,imp01-s1,7,Foundations for the study of software architecture,"[""Dewayne E. Perry"", ""Alexander L. Wolf""]",1992,ACM SIGSOFT Software Engineering Notes,AT&T Bell Laboratories
gemini-3.1-pro-preview,gemini,SE_PAPERS,imp01-s1,8,A metrics suite for object oriented design,"[""Shyam R. Chidamber"", ""Chris F. Kemerer""]",1994,IEEE Transactions on Software Engineering (TSE),"University of California, Los Angeles (UCLA)"
gemini-3.1-pro-preview,gemini,SE_PAPERS,imp01-s1,9,The model checker SPIN,"[""Gerard J. Holzmann""]",1997,IEEE Transactions on Software Engineering (TSE),Bell Laboratories
gemini-3.1-pro-preview,gemini,SE_PAPERS,imp01-s1,10,CCFinder: a multilinguistic token-based code clone detection system for large scale source code,"[""Toshihiro Kamiya"", ""Shinji Kusumoto"", ""Katsuro Inoue""]",2002,IEEE Transactions on Software Engineering (TSE),Osaka University
gemini-3.1-pro-preview,gemini,SE_PAPERS,imp01-s1,11,DART: directed automated random testing,"[""Patrice Godefroid"", ""Nils Klarlund"", ""Koushik Sen""]",2005,Proceedings of the 2005 ACM SIGPLAN Conference on Programming Language Design and Implementation (PLDI),Bell Laboratories
gemini-3.1-pro-preview,gemini,SE_PAPERS,imp01-s1,12,Feedback-directed random test generation,"[""Carlos Pacheco"", ""Shuvendu K. Lahiri"", ""Michael D. Ernst"", ""Thomas Ball""]",2007,Proceedings of the 29th International Conference on Software Engineering (ICSE),Massachusetts Institute of Technology (MIT)
gemini-3.1-pro-preview,gemini,SE_PAPERS,imp01-s1,13,KLEE: Unassisted and Automatic Generation of High-Coverage Tests for Complex Systems Programs,"[""Cristian Cadar"", ""Daniel Dunbar"", ""Dawson Engler""]",2008,Proceedings of the 8th USENIX Symposium on Operating Systems Design and Implementation (OSDI),Stanford University
gemini-3.1-pro-preview,gemini,SE_PAPERS,imp01-s1,14,Automatically finding patches using genetic programming,"[""Westley Weimer"", ""ThanhVu Nguyen"", ""Claire Le Goues"", ""Stephanie Forrest""]",2009,Proceedings of the 31st International Conference on Software Engineering (ICSE),University of Virginia
gemini-3.1-pro-preview,gemini,SE_PAPERS,imp01-s1,15,Predicting faults using the complexity of code changes,"[""Ahmed E. Hassan""]",2009,Proceedings of the 31st International Conference on Software Engineering (ICSE),Queen's University
gemini-3.1-pro-preview,gemini,SE_PAPERS,imp01-s2,1,On the Criteria to be Used in Decomposing Systems into Modules,"[""David L. Parnas""]",1972,Communications of the ACM,Carnegie-Mellon University
gemini-3.1-pro-preview,gemini,SE_PAPERS,imp01-s2,2,No Silver Bullet: Essence and Accidents of Software Engineering,"[""Frederick P. Brooks Jr.""]",1987,Computer (IEEE Computer),University of North Carolina at Chapel Hill
gemini-3.1-pro-preview,gemini,SE_PAPERS,imp01-s2,3,Go To Statement Considered Harmful,"[""Edsger W. Dijkstra""]",1968,Communications of the ACM,Technological University Eindhoven
gemini-3.1-pro-preview,gemini,SE_PAPERS,imp01-s2,4,A Spiral Model of Software Development and Enhancement,"[""Barry W. Boehm""]",1988,Computer (IEEE Computer),TRW Defense Systems Group
gemini-3.1-pro-preview,gemini,SE_PAPERS,imp01-s2,5,A Metrics Suite for Object Oriented Design,"[""Shyam R. Chidamber"", ""Chris F. Kemerer""]",1994,IEEE Transactions on Software Engineering,Massachusetts Institute of Technology
gemini-3.1-pro-preview,gemini,SE_PAPERS,imp01-s2,6,Managing the Development of Large Software Systems,"[""Winston W. Royce""]",1970,Proceedings of IEEE WESCON,TRW Systems Group
gemini-3.1-pro-preview,gemini,SE_PAPERS,imp01-s2,7,A Complexity Measure,"[""Thomas J. McCabe""]",1976,IEEE Transactions on Software Engineering,National Security Agency (Department of Defense)
gemini-3.1-pro-preview,gemini,SE_PAPERS,imp01-s2,8,Aspect-Oriented Programming,"[""Gregor Kiczales"", ""John Lamping"", ""Anurag Mendhekar"", ""Chris Maeda"", ""Cristina Lopes"", ""Jean-Marc Loingtier"", ""John Irwin""]",1997,European Conference on Object-Oriented Programming (ECOOP),Xerox PARC
gemini-3.1-pro-preview,gemini,SE_PAPERS,imp01-s2,9,Program Slicing,"[""Mark Weiser""]",1984,IEEE Transactions on Software Engineering,University of Maryland
gemini-3.1-pro-preview,gemini,SE_PAPERS,imp01-s2,10,Design and Code Inspections to Reduce Errors in Program Development,"[""Michael E. Fagan""]",1976,IBM Systems Journal,IBM Corporation
gemini-3.1-pro-preview,gemini,SE_PAPERS,imp01-s2,11,A Validation of Object-Oriented Design Metrics as Quality Indicators,"[""Victor R. Basili"", ""Lionel C. Briand"", ""Walcelio L. Melo""]",1996,IEEE Transactions on Software Engineering,University of Maryland
gemini-3.1-pro-preview,gemini,SE_PAPERS,imp01-s2,12,An Introduction to Software Architecture,"[""David Garlan"", ""Mary Shaw""]",1993,Advances in Software Engineering and Knowledge Engineering,Carnegie Mellon University
gemini-3.1-pro-preview,gemini,SE_PAPERS,imp01-s2,13,Software processes are software too,"[""Leon J. Osterweil""]",1987,Proceedings of the 9th International Conference on Software Engineering (ICSE),"University of Colorado, Boulder"
gemini-3.1-pro-preview,gemini,SE_PAPERS,imp01-s2,14,"Programs, Life Cycles, and Laws of Software Evolution","[""Meir M. Lehman""]",1980,Proceedings of the IEEE,Imperial College London
gemini-3.1-pro-preview,gemini,SE_PAPERS,imp01-s2,15,Simplifying and Isolating Failure-Inducing Input,"[""Andreas Zeller"", ""Ralf Hildebrandt""]",2002,IEEE Transactions on Software Engineering,Saarland University
gemini-3.1-pro-preview,gemini,SE_PAPERS,imp01-s3,1,On the Criteria to Be Used in Decomposing Systems into Modules,"[""David L. Parnas""]",1972,Communications of the ACM,Carnegie-Mellon University
gemini-3.1-pro-preview,gemini,SE_PAPERS,imp01-s3,2,Go To Statement Considered Harmful,"[""Edsger W. Dijkstra""]",1968,Communications of the ACM,Technological University Eindhoven
gemini-3.1-pro-preview,gemini,SE_PAPERS,imp01-s3,3,No Silver Bullet: Essence and Accidents of Software Engineering,"[""Frederick P. Brooks Jr.""]",1987,IEEE Computer,University of North Carolina at Chapel Hill
gemini-3.1-pro-preview,gemini,SE_PAPERS,imp01-s3,4,A Spiral Model of Software Development and Enhancement,"[""Barry W. Boehm""]",1988,IEEE Computer,TRW Defense Systems Group
gemini-3.1-pro-preview,gemini,SE_PAPERS,imp01-s3,5,A Metrics Suite for Object Oriented Design,"[""Shyam R. Chidamber"", ""Chris F. Kemerer""]",1994,IEEE Transactions on Software Engineering,Massachusetts Institute of Technology (MIT)
gemini-3.1-pro-preview,gemini,SE_PAPERS,imp01-s3,6,Program Slicing,"[""Mark Weiser""]",1984,IEEE Transactions on Software Engineering,"University of Maryland, College Park"
gemini-3.1-pro-preview,gemini,SE_PAPERS,imp01-s3,7,Statecharts: A visual formalism for complex systems,"[""David Harel""]",1987,Science of Computer Programming,Weizmann Institute of Science
gemini-3.1-pro-preview,gemini,SE_PAPERS,imp01-s3,8,Software Processes Are Software Too,"[""Leon J. Osterweil""]",1987,Proceedings of the 9th International Conference on Software Engineering (ICSE),"University of Colorado, Boulder"
gemini-3.1-pro-preview,gemini,SE_PAPERS,imp01-s3,9,Symbolic Execution and Program Testing,"[""James C. King""]",1976,Communications of the ACM,IBM Thomas J. Watson Research Center
gemini-3.1-pro-preview,gemini,SE_PAPERS,imp01-s3,10,An Introduction to Software Architecture,"[""David Garlan"", ""Mary Shaw""]",1993,Advances in Software Engineering and Knowledge Engineering,Carnegie Mellon University
gemini-3.1-pro-preview,gemini,SE_PAPERS,imp01-s3,11,Dynamically Discovering Likely Program Invariants to Support Program Evolution,"[""Michael D. Ernst"", ""Jake Cockrell"", ""William G. Griswold"", ""David Notkin""]",2001,IEEE Transactions on Software Engineering,University of Washington
gemini-3.1-pro-preview,gemini,SE_PAPERS,imp01-s3,12,A Rational Design Process: How and Why to Fake It,"[""David L. Parnas"", ""Paul C. Clements""]",1986,IEEE Transactions on Software Engineering,University of Victoria
gemini-3.1-pro-preview,gemini,SE_PAPERS,imp01-s3,13,Hints on Test Data Selection: Help for the Practicing Programmer,"[""Richard A. DeMillo"", ""Richard J. Lipton"", ""Frederick G. Sayward""]",1978,IEEE Computer,Georgia Institute of Technology
gemini-3.1-pro-preview,gemini,SE_PAPERS,imp01-s3,14,A Validation of Object-Oriented Design Metrics as Quality Indicators,"[""Victor R. Basili"", ""Lionel C. Briand"", ""Walcélio L. Melo""]",1996,IEEE Transactions on Software Engineering,"University of Maryland, College Park"
gemini-3.1-pro-preview,gemini,SE_PAPERS,imp01-s3,15,CUTE: A Concolic Unit Testing Engine for C,"[""Koushik Sen"", ""Darko Marinov"", ""Gul Agha""]",2005,Proceedings of the 10th European Software Engineering Conference held jointly with 13th ACM SIGSOFT International Symposium on Foundations of Software Engineering (ESEC/FSE),University of Illinois at Urbana-Champaign
gemini-3.1-pro-preview,gemini,VIS_PAPERS,imp01-s1,1,Deep Residual Learning for Image Recognition,"[""Kaiming He"", ""Xiangyu Zhang"", ""Shaoqing Ren"", ""Jian Sun""]",2016,CVPR,Microsoft Research
gemini-3.1-pro-preview,gemini,VIS_PAPERS,imp01-s1,2,ImageNet Classification with Deep Convolutional Neural Networks,"[""Alex Krizhevsky"", ""Ilya Sutskever"", ""Geoffrey E. Hinton""]",2012,NeurIPS,University of Toronto
gemini-3.1-pro-preview,gemini,VIS_PAPERS,imp01-s1,3,Distinctive Image Features from Scale-Invariant Keypoints,"[""David G. Lowe""]",2004,International Journal of Computer Vision (IJCV),University of British Columbia
gemini-3.1-pro-preview,gemini,VIS_PAPERS,imp01-s1,4,ImageNet: A Large-Scale Hierarchical Image Database,"[""Jia Deng"", ""Wei Dong"", ""Richard Socher"", ""Li-Jia Li"", ""Kai Li"", ""Li Fei-Fei""]",2009,CVPR,Princeton University
gemini-3.1-pro-preview,gemini,VIS_PAPERS,imp01-s1,5,Very Deep Convolutional Networks for Large-Scale Image Recognition,"[""Karen Simonyan"", ""Andrew Zisserman""]",2015,ICLR,University of Oxford
gemini-3.1-pro-preview,gemini,VIS_PAPERS,imp01-s1,6,Faster R-CNN: Towards Real-Time Object Detection with Region Proposal Networks,"[""Shaoqing Ren"", ""Kaiming He"", ""Ross Girshick"", ""Jian Sun""]",2015,NeurIPS,University of Science and Technology of China (USTC) / Microsoft Research
gemini-3.1-pro-preview,gemini,VIS_PAPERS,imp01-s1,7,"You Only Look Once: Unified, Real-Time Object Detection","[""Joseph Redmon"", ""Santosh Divvala"", ""Ross Girshick"", ""Ali Farhadi""]",2016,CVPR,University of Washington
gemini-3.1-pro-preview,gemini,VIS_PAPERS,imp01-s1,8,Fully Convolutional Networks for Semantic Segmentation,"[""Jonathan Long"", ""Evan Shelhamer"", ""Trevor Darrell""]",2015,CVPR,UC Berkeley
gemini-3.1-pro-preview,gemini,VIS_PAPERS,imp01-s1,9,U-Net: Convolutional Networks for Biomedical Image Segmentation,"[""Olaf Ronneberger"", ""Philipp Fischer"", ""Thomas Brox""]",2015,MICCAI,University of Freiburg
gemini-3.1-pro-preview,gemini,VIS_PAPERS,imp01-s1,10,Histograms of Oriented Gradients for Human Detection,"[""Navneet Dalal"", ""Bill Triggs""]",2005,CVPR,INRIA
gemini-3.1-pro-preview,gemini,VIS_PAPERS,imp01-s1,11,Rapid Object Detection using a Boosted Cascade of Simple Features,"[""Paul Viola"", ""Michael Jones""]",2001,CVPR,Compaq Cambridge Research Laboratory
gemini-3.1-pro-preview,gemini,VIS_PAPERS,imp01-s1,12,Mask R-CNN,"[""Kaiming He"", ""Georgia Gkioxari"", ""Piotr Dollár"", ""Ross Girshick""]",2017,ICCV,Facebook AI Research (FAIR)
gemini-3.1-pro-preview,gemini,VIS_PAPERS,imp01-s1,13,Going Deeper with Convolutions,"[""Christian Szegedy"", ""Wei Liu"", ""Yangqing Jia"", ""Pierre Sermanet"", ""Scott Reed"", ""Dragomir Anguelov"", ""Dumitru Erhan"", ""Vincent Vanhoucke"", ""Andrew Rabinovich""]",2015,CVPR,Google
gemini-3.1-pro-preview,gemini,VIS_PAPERS,imp01-s1,14,Rich Feature Hierarchies for Accurate Object Detection and Semantic Segmentation,"[""Ross Girshick"", ""Jeff Donahue"", ""Trevor Darrell"", ""Jitendra Malik""]",2014,CVPR,UC Berkeley
gemini-3.1-pro-preview,gemini,VIS_PAPERS,imp01-s1,15,A Computational Approach to Edge Detection,"[""John Canny""]",1986,IEEE Transactions on Pattern Analysis and Machine Intelligence (TPAMI),Massachusetts Institute of Technology (MIT)
gemini-3.1-pro-preview,gemini,VIS_PAPERS,imp01-s2,1,Deep Residual Learning for Image Recognition,"[""Kaiming He"", ""Xiangyu Zhang"", ""Shaoqing Ren"", ""Jian Sun""]",2016,CVPR,Microsoft Research
gemini-3.1-pro-preview,gemini,VIS_PAPERS,imp01-s2,2,ImageNet Classification with Deep Convolutional Neural Networks,"[""Alex Krizhevsky"", ""Ilya Sutskever"", ""Geoffrey E. Hinton""]",2012,NIPS,University of Toronto
gemini-3.1-pro-preview,gemini,VIS_PAPERS,imp01-s2,3,Distinctive Image Features from Scale-Invariant Keypoints,"[""David G. Lowe""]",2004,International Journal of Computer Vision (IJCV),University of British Columbia
gemini-3.1-pro-preview,gemini,VIS_PAPERS,imp01-s2,4,ImageNet: A large-scale hierarchical image database,"[""Jia Deng"", ""Wei Dong"", ""Richard Socher"", ""Li-Jia Li"", ""Kai Li"", ""Li Fei-Fei""]",2009,CVPR,Princeton University
gemini-3.1-pro-preview,gemini,VIS_PAPERS,imp01-s2,5,Very Deep Convolutional Networks for Large-Scale Image Recognition,"[""Karen Simonyan"", ""Andrew Zisserman""]",2015,ICLR,University of Oxford
gemini-3.1-pro-preview,gemini,VIS_PAPERS,imp01-s2,6,"You Only Look Once: Unified, Real-Time Object Detection","[""Joseph Redmon"", ""Santosh Divvala"", ""Ross Girshick"", ""Ali Farhadi""]",2016,CVPR,University of Washington
gemini-3.1-pro-preview,gemini,VIS_PAPERS,imp01-s2,7,Rapid Object Detection using a Boosted Cascade of Simple Features,"[""Paul Viola"", ""Michael J. Jones""]",2001,CVPR,Compaq Cambridge Research Laboratory
gemini-3.1-pro-preview,gemini,VIS_PAPERS,imp01-s2,8,Faster R-CNN: Towards Real-Time Object Detection with Region Proposal Networks,"[""Shaoqing Ren"", ""Kaiming He"", ""Ross Girshick"", ""Jian Sun""]",2015,NIPS,University of Science and Technology of China / Microsoft Research
gemini-3.1-pro-preview,gemini,VIS_PAPERS,imp01-s2,9,Histograms of Oriented Gradients for Human Detection,"[""Navneet Dalal"", ""Bill Triggs""]",2005,CVPR,INRIA
gemini-3.1-pro-preview,gemini,VIS_PAPERS,imp01-s2,10,U-Net: Convolutional Networks for Biomedical Image Segmentation,"[""Olaf Ronneberger"", ""Philipp Fischer"", ""Thomas Brox""]",2015,MICCAI,University of Freiburg
gemini-3.1-pro-preview,gemini,VIS_PAPERS,imp01-s2,11,Going Deeper with Convolutions,"[""Christian Szegedy"", ""Wei Liu"", ""Yangqing Jia"", ""Pierre Sermanet"", ""Scott Reed"", ""Dragomir Anguelov"", ""Dumitru Erhan"", ""Vincent Vanhoucke"", ""Andrew Rabinovich""]",2015,CVPR,Google
gemini-3.1-pro-preview,gemini,VIS_PAPERS,imp01-s2,12,Fully Convolutional Networks for Semantic Segmentation,"[""Jonathan Long"", ""Evan Shelhamer"", ""Trevor Darrell""]",2015,CVPR,UC Berkeley
gemini-3.1-pro-preview,gemini,VIS_PAPERS,imp01-s2,13,A Computational Approach to Edge Detection,"[""John Canny""]",1986,IEEE Transactions on Pattern Analysis and Machine Intelligence (TPAMI),Massachusetts Institute of Technology (MIT)
gemini-3.1-pro-preview,gemini,VIS_PAPERS,imp01-s2,14,Mask R-CNN,"[""Kaiming He"", ""Georgia Gkioxari"", ""Piotr Dollár"", ""Ross Girshick""]",2017,ICCV,Facebook AI Research (FAIR)
gemini-3.1-pro-preview,gemini,VIS_PAPERS,imp01-s2,15,An Iterative Image Registration Technique with an Application to Stereo Vision,"[""Bruce D. Lucas"", ""Takeo Kanade""]",1981,IJCAI,Carnegie Mellon University
gemini-3.1-pro-preview,gemini,VIS_PAPERS,imp01-s3,1,Deep Residual Learning for Image Recognition,"[""Kaiming He"", ""Xiangyu Zhang"", ""Shaoqing Ren"", ""Jian Sun""]",2016,IEEE Conference on Computer Vision and Pattern Recognition (CVPR),Microsoft Research
gemini-3.1-pro-preview,gemini,VIS_PAPERS,imp01-s3,2,ImageNet Classification with Deep Convolutional Neural Networks,"[""Alex Krizhevsky"", ""Ilya Sutskever"", ""Geoffrey E. Hinton""]",2012,Advances in Neural Information Processing Systems (NeurIPS),University of Toronto
gemini-3.1-pro-preview,gemini,VIS_PAPERS,imp01-s3,3,Distinctive Image Features from Scale-Invariant Keypoints,"[""David G. Lowe""]",2004,International Journal of Computer Vision (IJCV),University of British Columbia
gemini-3.1-pro-preview,gemini,VIS_PAPERS,imp01-s3,4,ImageNet: A Large-Scale Hierarchical Image Database,"[""Jia Deng"", ""Wei Dong"", ""Richard Socher"", ""Li-Jia Li"", ""Kai Li"", ""Li Fei-Fei""]",2009,IEEE Conference on Computer Vision and Pattern Recognition (CVPR),Princeton University
gemini-3.1-pro-preview,gemini,VIS_PAPERS,imp01-s3,5,Rapid Object Detection using a Boosted Cascade of Simple Features,"[""Paul Viola"", ""Michael Jones""]",2001,IEEE Conference on Computer Vision and Pattern Recognition (CVPR),Compaq Cambridge Research Laboratory
gemini-3.1-pro-preview,gemini,VIS_PAPERS,imp01-s3,6,Histograms of Oriented Gradients for Human Detection,"[""Navneet Dalal"", ""Bill Triggs""]",2005,IEEE Conference on Computer Vision and Pattern Recognition (CVPR),INRIA
gemini-3.1-pro-preview,gemini,VIS_PAPERS,imp01-s3,7,Faster R-CNN: Towards Real-Time Object Detection with Region Proposal Networks,"[""Shaoqing Ren"", ""Kaiming He"", ""Ross Girshick"", ""Jian Sun""]",2015,Advances in Neural Information Processing Systems (NeurIPS),Microsoft Research
gemini-3.1-pro-preview,gemini,VIS_PAPERS,imp01-s3,8,"You Only Look Once: Unified, Real-Time Object Detection","[""Joseph Redmon"", ""Santosh Divvala"", ""Ross Girshick"", ""Ali Farhadi""]",2016,IEEE Conference on Computer Vision and Pattern Recognition (CVPR),University of Washington
gemini-3.1-pro-preview,gemini,VIS_PAPERS,imp01-s3,9,Very Deep Convolutional Networks for Large-Scale Image Recognition,"[""Karen Simonyan"", ""Andrew Zisserman""]",2015,International Conference on Learning Representations (ICLR),University of Oxford
gemini-3.1-pro-preview,gemini,VIS_PAPERS,imp01-s3,10,U-Net: Convolutional Networks for Biomedical Image Segmentation,"[""Olaf Ronneberger"", ""Philipp Fischer"", ""Thomas Brox""]",2015,International Conference on Medical Image Computing and Computer-Assisted Intervention (MICCAI),University of Freiburg
gemini-3.1-pro-preview,gemini,VIS_PAPERS,imp01-s3,11,Fully Convolutional Networks for Semantic Segmentation,"[""Jonathan Long"", ""Evan Shelhamer"", ""Trevor Darrell""]",2015,IEEE Conference on Computer Vision and Pattern Recognition (CVPR),UC Berkeley
gemini-3.1-pro-preview,gemini,VIS_PAPERS,imp01-s3,12,Going Deeper with Convolutions,"[""Christian Szegedy"", ""Wei Liu"", ""Yangqing Jia"", ""Pierre Sermanet"", ""Scott Reed"", ""Dragomir Anguelov"", ""Dumitru Erhan"", ""Vincent Vanhoucke"", ""Andrew Rabinovich""]",2015,IEEE Conference on Computer Vision and Pattern Recognition (CVPR),Google
gemini-3.1-pro-preview,gemini,VIS_PAPERS,imp01-s3,13,Mask R-CNN,"[""Kaiming He"", ""Georgia Gkioxari"", ""Piotr Dollár"", ""Ross Girshick""]",2017,IEEE International Conference on Computer Vision (ICCV),Facebook AI Research (FAIR)
gemini-3.1-pro-preview,gemini,VIS_PAPERS,imp01-s3,14,A Computational Approach to Edge Detection,"[""John Canny""]",1986,IEEE Transactions on Pattern Analysis and Machine Intelligence (PAMI),Massachusetts Institute of Technology (MIT)
gemini-3.1-pro-preview,gemini,VIS_PAPERS,imp01-s3,15,An Image is Worth 16x16 Words: Transformers for Image Recognition at Scale,"[""Alexey Dosovitskiy"", ""Lucas Beyer"", ""Alexander Kolesnikov"", ""Dirk Weissenborn"", ""Xiaohua Zhai"", ""Thomas Unterthiner"", ""Mostafa Dehghani"", ""Matthias Minderer"", ""Georg Heigold"", ""Sylvain Gelly"", ""Jakob Uszkoreit"", ""Neil Houlsby""]",2021,International Conference on Learning Representations (ICLR),Google Research
gpt-5.4,openai,SE_PAPERS,imp01-s1,1,No Silver Bullet—Essence and Accidents of Software Engineering,"[""Frederick P. Brooks, Jr.""]",1987,Computer,University of North Carolina at Chapel Hill
gpt-5.4,openai,SE_PAPERS,imp01-s1,2,The Mythical Man-Month,"[""Frederick P. Brooks, Jr.""]",1975,Addison-Wesley book,University of North Carolina at Chapel Hill
gpt-5.4,openai,SE_PAPERS,imp01-s1,3,A Successful Application of Software Reuse,"[""W. M. Lim""]",1994,IEEE Software,Hewlett-Packard Laboratories
gpt-5.4,openai,SE_PAPERS,imp01-s1,4,Go To Statement Considered Harmful,"[""Edsger W. Dijkstra""]",1968,Communications of the ACM,Technische Hogeschool Eindhoven
gpt-5.4,openai,SE_PAPERS,imp01-s1,5,An Experimental Evaluation of the Cost Benefits of Structured Flowcharts in Program Comprehension,"[""B. Shneiderman"", ""R. Mayer"", ""J. D. McKay"", ""P. C. Heller""]",1977,IEEE Transactions on Software Engineering,University of Maryland
gpt-5.4,openai,SE_PAPERS,imp01-s1,6,The Cathedral and the Bazaar,"[""Eric S. Raymond""]",1999,O'Reilly book / essay,Independent / Open Source Initiative
gpt-5.4,openai,SE_PAPERS,imp01-s1,7,A Spiral Model of Software Development and Enhancement,"[""Barry W. Boehm""]",1988,Computer,TRW Defense Systems Group
gpt-5.4,openai,SE_PAPERS,imp01-s1,8,Managing the Development of Large Software Systems,"[""Winston W. Royce""]",1970,Proceedings of IEEE WESCON,TRW
gpt-5.4,openai,SE_PAPERS,imp01-s1,9,A Metrics Suite for Object Oriented Design,"[""Shyam R. Chidamber"", ""Chris F. Kemerer""]",1994,IEEE Transactions on Software Engineering,Rensselaer Polytechnic Institute
gpt-5.4,openai,SE_PAPERS,imp01-s1,10,Design Patterns: Elements of Reusable Object-Oriented Software,"[""Erich Gamma"", ""Richard Helm"", ""Ralph Johnson"", ""John Vlissides""]",1994,Addison-Wesley book,"Taligent, Inc."
gpt-5.4,openai,SE_PAPERS,imp01-s1,11,"Capability Maturity Model, Version 1.1","[""Mark C. Paulk"", ""Bill Curtis"", ""Mary Beth Chrissis"", ""Charles V. Weber""]",1993,IEEE Software,"Software Engineering Institute, Carnegie Mellon University"
gpt-5.4,openai,SE_PAPERS,imp01-s1,12,The UNIX Time-Sharing System,"[""Dennis M. Ritchie"", ""Ken Thompson""]",1974,Communications of the ACM,Bell Laboratories
gpt-5.4,openai,SE_PAPERS,imp01-s1,13,Continuous Integration,"[""Martin Fowler"", ""Matthew Foemmel""]",2006,ThoughtWorks article,ThoughtWorks
gpt-5.4,openai,SE_PAPERS,imp01-s1,14,Scrum Development Process,"[""Ken Schwaber""]",1995,OOPSLA Business Object Design and Implementation Workshop,Advanced Development Methods
gpt-5.4,openai,SE_PAPERS,imp01-s1,15,Extreme Programming Explained,"[""Kent Beck""]",1999,Addison-Wesley book,Independent consultant
gpt-5.4,openai,SE_PAPERS,imp01-s2,1,No Silver Bullet—Essence and Accidents of Software Engineering,"[""Frederick P. Brooks Jr.""]",1987,Computer,University of North Carolina at Chapel Hill
gpt-5.4,openai,SE_PAPERS,imp01-s2,2,The Mythical Man-Month,"[""Frederick P. Brooks Jr.""]",1975,Addison-Wesley (book),University of North Carolina at Chapel Hill
gpt-5.4,openai,SE_PAPERS,imp01-s2,3,A Spiral Model of Software Development and Enhancement,"[""Barry W. Boehm""]",1988,Computer,TRW Defense Systems Group
gpt-5.4,openai,SE_PAPERS,imp01-s2,4,Managing the Development of Large Software Systems,"[""Winston W. Royce""]",1970,Proceedings of IEEE WESCON,TRW
gpt-5.4,openai,SE_PAPERS,imp01-s2,5,An Experimental Evaluation of the Assumption of Independence in Multiversion Programming,"[""John C. Knight"", ""Nancy G. Leveson""]",1986,IEEE Transactions on Software Engineering,University of Virginia
gpt-5.4,openai,SE_PAPERS,imp01-s2,6,Go To Statement Considered Harmful,"[""Edsger W. Dijkstra""]",1968,Communications of the ACM,Technische Hogeschool Eindhoven
gpt-5.4,openai,SE_PAPERS,imp01-s2,7,Program Slicing,"[""Mark Weiser""]",1981,Proceedings of the 5th International Conference on Software Engineering,University of Michigan
gpt-5.4,openai,SE_PAPERS,imp01-s2,8,Reflections on Trusting Trust,"[""Ken Thompson""]",1984,Communications of the ACM,Bell Laboratories
gpt-5.4,openai,SE_PAPERS,imp01-s2,9,Design Patterns: Elements of Reusable Object-Oriented Software,"[""Erich Gamma"", ""Richard Helm"", ""Ralph Johnson"", ""John Vlissides""]",1994,Addison-Wesley (book),Taligent
gpt-5.4,openai,SE_PAPERS,imp01-s2,10,Continuous Integration,"[""Grady Booch"", ""James Rumbaugh"", ""Ivar Jacobson""]",1991,Object-Oriented Design and Applications materials,
gpt-5.4,openai,SE_PAPERS,imp01-s2,11,Belady's Anomaly,"[""László A. Belady""]",1969,IBM Systems Journal,IBM
gpt-5.4,openai,SE_PAPERS,imp01-s2,12,The Cathedral and the Bazaar,"[""Eric S. Raymond""]",1999,O'Reilly (book/essay),Open Source Initiative
gpt-5.4,openai,SE_PAPERS,imp01-s2,13,A Rational Design Process: How and Why to Fake It,"[""David L. Parnas"", ""Paul C. Clements""]",1986,IEEE Transactions on Software Engineering,University of North Carolina at Chapel Hill
gpt-5.4,openai,SE_PAPERS,imp01-s2,14,The Economics of Software Quality,"[""Capers Jones""]",1991,Addison-Wesley (book),Software Productivity Research
gpt-5.4,openai,SE_PAPERS,imp01-s2,15,On the Criteria To Be Used in Decomposing Systems into Modules,"[""David L. Parnas""]",1972,Communications of the ACM,Carnegie-Mellon University
gpt-5.4,openai,SE_PAPERS,imp01-s3,1,No Silver Bullet—Essence and Accidents of Software Engineering,"[""Frederick P. Brooks, Jr.""]",1987,Computer,University of North Carolina at Chapel Hill
gpt-5.4,openai,SE_PAPERS,imp01-s3,2,A Metrics Suite for Object Oriented Design,"[""Shyam R. Chidamber"", ""Chris F. Kemerer""]",1994,IEEE Transactions on Software Engineering,Massachusetts Institute of Technology
gpt-5.4,openai,SE_PAPERS,imp01-s3,3,Go To Statement Considered Harmful,"[""Edsger W. Dijkstra""]",1968,Communications of the ACM,Technological University Eindhoven
gpt-5.4,openai,SE_PAPERS,imp01-s3,4,An Empirical Study of the Reliability of UNIX Utilities,"[""Barton P. Miller"", ""Lars Fredriksen"", ""Bryan So""]",1990,Communications of the ACM,University of Wisconsin–Madison
gpt-5.4,openai,SE_PAPERS,imp01-s3,5,The Cathedral and the Bazaar,"[""Eric S. Raymond""]",1999,O'Reilly book / essay collection,Open Source Initiative
gpt-5.4,openai,SE_PAPERS,imp01-s3,6,A Spiral Model of Software Development and Enhancement,"[""Barry W. Boehm""]",1988,Computer,TRW Defense Systems Group
gpt-5.4,openai,SE_PAPERS,imp01-s3,7,The Mythical Man-Month,"[""Frederick P. Brooks, Jr.""]",1975,Book,University of North Carolina at Chapel Hill
gpt-5.4,openai,SE_PAPERS,imp01-s3,8,"On Understanding Types, Data Abstraction, and Polymorphism","[""Luca Cardelli"", ""Peter Wegner""]",1985,ACM Computing Surveys,AT&T Bell Laboratories
gpt-5.4,openai,SE_PAPERS,imp01-s3,9,Design Patterns: Elements of Reusable Object-Oriented Software,"[""Erich Gamma"", ""Richard Helm"", ""Ralph Johnson"", ""John Vlissides""]",1994,Book,Taligent
gpt-5.4,openai,SE_PAPERS,imp01-s3,10,Program Slicing,"[""Mark Weiser""]",1981,Proceedings of the 5th International Conference on Software Engineering,University of Michigan
gpt-5.4,openai,SE_PAPERS,imp01-s3,11,Literate Programming,"[""Donald E. Knuth""]",1984,The Computer Journal,Stanford University
gpt-5.4,openai,SE_PAPERS,imp01-s3,12,On the Criteria To Be Used in Decomposing Systems into Modules,"[""David L. Parnas""]",1972,Communications of the ACM,Carnegie-Mellon University
gpt-5.4,openai,SE_PAPERS,imp01-s3,13,Software Fault Interactions and Implications for Software Testing,"[""Glenford J. Myers""]",1979,IEEE Transactions on Software Engineering,IBM
gpt-5.4,openai,SE_PAPERS,imp01-s3,14,Continuous Integration,"[""Grady Booch""]",1991,Object-Oriented Design with Applications,Rational Software
gpt-5.4,openai,SE_PAPERS,imp01-s3,15,Reflections on Trusting Trust,"[""Ken Thompson""]",1984,Communications of the ACM,Bell Laboratories
gpt-5.4,openai,VIS_PAPERS,imp01-s1,1,Distinctive Image Features from Scale-Invariant Keypoints,"[""David G. Lowe""]",2004,International Journal of Computer Vision,University of British Columbia
gpt-5.4,openai,VIS_PAPERS,imp01-s1,2,Histograms of Oriented Gradients for Human Detection,"[""Navneet Dalal"", ""Bill Triggs""]",2005,IEEE Conference on Computer Vision and Pattern Recognition (CVPR),INRIA Rhône-Alpes
gpt-5.4,openai,VIS_PAPERS,imp01-s1,3,ImageNet Classification with Deep Convolutional Neural Networks,"[""Alex Krizhevsky"", ""Ilya Sutskever"", ""Geoffrey E. Hinton""]",2012,Advances in Neural Information Processing Systems (NeurIPS),University of Toronto
gpt-5.4,openai,VIS_PAPERS,imp01-s1,4,Rich feature hierarchies for accurate object detection and semantic segmentation,"[""Ross Girshick"", ""Jeff Donahue"", ""Trevor Darrell"", ""Jitendra Malik""]",2014,IEEE Conference on Computer Vision and Pattern Recognition (CVPR),"University of California, Berkeley"
gpt-5.4,openai,VIS_PAPERS,imp01-s1,5,Fast R-CNN,"[""Ross Girshick""]",2015,IEEE International Conference on Computer Vision (ICCV),Microsoft Research
gpt-5.4,openai,VIS_PAPERS,imp01-s1,6,Faster R-CNN: Towards Real-Time Object Detection with Region Proposal Networks,"[""Shaoqing Ren"", ""Kaiming He"", ""Ross Girshick"", ""Jian Sun""]",2015,Advances in Neural Information Processing Systems (NeurIPS),Microsoft Research
gpt-5.4,openai,VIS_PAPERS,imp01-s1,7,"You Only Look Once: Unified, Real-Time Object Detection","[""Joseph Redmon"", ""Santosh Divvala"", ""Ross Girshick"", ""Ali Farhadi""]",2016,IEEE Conference on Computer Vision and Pattern Recognition (CVPR),University of Washington
gpt-5.4,openai,VIS_PAPERS,imp01-s1,8,Fully Convolutional Networks for Semantic Segmentation,"[""Jonathan Long"", ""Evan Shelhamer"", ""Trevor Darrell""]",2015,IEEE Conference on Computer Vision and Pattern Recognition (CVPR),"University of California, Berkeley"
gpt-5.4,openai,VIS_PAPERS,imp01-s1,9,Mask R-CNN,"[""Kaiming He"", ""Georgia Gkioxari"", ""Piotr Dollár"", ""Ross Girshick""]",2017,IEEE International Conference on Computer Vision (ICCV),Facebook AI Research
gpt-5.4,openai,VIS_PAPERS,imp01-s1,10,Deep Residual Learning for Image Recognition,"[""Kaiming He"", ""Xiangyu Zhang"", ""Shaoqing Ren"", ""Jian Sun""]",2016,IEEE Conference on Computer Vision and Pattern Recognition (CVPR),Microsoft Research
gpt-5.4,openai,VIS_PAPERS,imp01-s1,11,Very Deep Convolutional Networks for Large-Scale Image Recognition,"[""Karen Simonyan"", ""Andrew Zisserman""]",2015,International Conference on Learning Representations (ICLR),University of Oxford
gpt-5.4,openai,VIS_PAPERS,imp01-s1,12,U-Net: Convolutional Networks for Biomedical Image Segmentation,"[""Olaf Ronneberger"", ""Philipp Fischer"", ""Thomas Brox""]",2015,International Conference on Medical Image Computing and Computer-Assisted Intervention (MICCAI),University of Freiburg
gpt-5.4,openai,VIS_PAPERS,imp01-s1,13,Visualizing and Understanding Convolutional Networks,"[""Matthew D. Zeiler"", ""Rob Fergus""]",2014,European Conference on Computer Vision (ECCV),New York University
gpt-5.4,openai,VIS_PAPERS,imp01-s1,14,Object Recognition from Local Scale-Invariant Features,"[""David G. Lowe""]",1999,IEEE International Conference on Computer Vision (ICCV),University of British Columbia
gpt-5.4,openai,VIS_PAPERS,imp01-s1,15,Mean Shift: A Robust Approach Toward Feature Space Analysis,"[""Dorin Comaniciu"", ""Peter Meer""]",2002,IEEE Transactions on Pattern Analysis and Machine Intelligence,Rutgers University
gpt-5.4,openai,VIS_PAPERS,imp01-s2,1,ImageNet Classification with Deep Convolutional Neural Networks,"[""Alex Krizhevsky"", ""Ilya Sutskever"", ""Geoffrey E. Hinton""]",2012,NeurIPS,University of Toronto
gpt-5.4,openai,VIS_PAPERS,imp01-s2,2,Rich feature hierarchies for accurate object detection and semantic segmentation,"[""Ross Girshick"", ""Jeff Donahue"", ""Trevor Darrell"", ""Jitendra Malik""]",2014,CVPR,"University of California, Berkeley"
gpt-5.4,openai,VIS_PAPERS,imp01-s2,3,Distinctive Image Features from Scale-Invariant Keypoints,"[""David G. Lowe""]",2004,International Journal of Computer Vision,University of British Columbia
gpt-5.4,openai,VIS_PAPERS,imp01-s2,4,Object Recognition from Local Scale-Invariant Features,"[""David G. Lowe""]",1999,ICCV,University of British Columbia
gpt-5.4,openai,VIS_PAPERS,imp01-s2,5,Visualizing and Understanding Convolutional Networks,"[""Matthew D. Zeiler"", ""Rob Fergus""]",2014,ECCV,New York University
gpt-5.4,openai,VIS_PAPERS,imp01-s2,6,"You Only Look Once: Unified, Real-Time Object Detection","[""Joseph Redmon"", ""Santosh Divvala"", ""Ross Girshick"", ""Ali Farhadi""]",2016,CVPR,University of Washington
gpt-5.4,openai,VIS_PAPERS,imp01-s2,7,U-Net: Convolutional Networks for Biomedical Image Segmentation,"[""Olaf Ronneberger"", ""Philipp Fischer"", ""Thomas Brox""]",2015,MICCAI,University of Freiburg
gpt-5.4,openai,VIS_PAPERS,imp01-s2,8,Fully Convolutional Networks for Semantic Segmentation,"[""Jonathan Long"", ""Evan Shelhamer"", ""Trevor Darrell""]",2015,CVPR,"University of California, Berkeley"
gpt-5.4,openai,VIS_PAPERS,imp01-s2,9,Going Deeper with Convolutions,"[""Christian Szegedy"", ""Wei Liu"", ""Yangqing Jia"", ""Pierre Sermanet"", ""Scott Reed"", ""Dragomir Anguelov"", ""Dumitru Erhan"", ""Vincent Vanhoucke"", ""Andrew Rabinovich""]",2015,CVPR,Google
gpt-5.4,openai,VIS_PAPERS,imp01-s2,10,Deep Residual Learning for Image Recognition,"[""Kaiming He"", ""Xiangyu Zhang"", ""Shaoqing Ren"", ""Jian Sun""]",2016,CVPR,Microsoft Research
gpt-5.4,openai,VIS_PAPERS,imp01-s2,11,Faster R-CNN: Towards Real-Time Object Detection with Region Proposal Networks,"[""Shaoqing Ren"", ""Kaiming He"", ""Ross Girshick"", ""Jian Sun""]",2015,NeurIPS,Microsoft Research
gpt-5.4,openai,VIS_PAPERS,imp01-s2,12,Mask R-CNN,"[""Kaiming He"", ""Georgia Gkioxari"", ""Piotr Dollár"", ""Ross Girshick""]",2017,ICCV,Facebook AI Research
gpt-5.4,openai,VIS_PAPERS,imp01-s2,13,High-Dimensional Filter Transforming and an Application to Stereo Matching,"[""Pedro F. Felzenszwalb"", ""Daniel P. Huttenlocher""]",2006,CVPR,University of Chicago
gpt-5.4,openai,VIS_PAPERS,imp01-s2,14,Histograms of Oriented Gradients for Human Detection,"[""Navneet Dalal"", ""Bill Triggs""]",2005,CVPR,INRIA
gpt-5.4,openai,VIS_PAPERS,imp01-s2,15,Gradient-Based Learning Applied to Document Recognition,"[""Yann LeCun"", ""Léon Bottou"", ""Yoshua Bengio"", ""Patrick Haffner""]",1998,Proceedings of the IEEE,AT&T Labs
gpt-5.4,openai,VIS_PAPERS,imp01-s3,1,Distinctive Image Features from Scale-Invariant Keypoints,"[""David G. Lowe""]",2004,International Journal of Computer Vision,University of British Columbia
gpt-5.4,openai,VIS_PAPERS,imp01-s3,2,ImageNet Classification with Deep Convolutional Neural Networks,"[""Alex Krizhevsky"", ""Ilya Sutskever"", ""Geoffrey E. Hinton""]",2012,Advances in Neural Information Processing Systems,University of Toronto
gpt-5.4,openai,VIS_PAPERS,imp01-s3,3,Rich Feature Hierarchies for Accurate Object Detection and Semantic Segmentation,"[""Ross Girshick"", ""Jeff Donahue"", ""Trevor Darrell"", ""Jitendra Malik""]",2014,IEEE Conference on Computer Vision and Pattern Recognition,"University of California, Berkeley"
gpt-5.4,openai,VIS_PAPERS,imp01-s3,4,"You Only Look Once: Unified, Real-Time Object Detection","[""Joseph Redmon"", ""Santino Divvala"", ""Ross Girshick"", ""Ali Farhadi""]",2016,IEEE Conference on Computer Vision and Pattern Recognition,University of Washington
gpt-5.4,openai,VIS_PAPERS,imp01-s3,5,Mask R-CNN,"[""Kaiming He"", ""Georgia Gkioxari"", ""Piotr Dollár"", ""Ross Girshick""]",2017,IEEE International Conference on Computer Vision,Facebook AI Research
gpt-5.4,openai,VIS_PAPERS,imp01-s3,6,Deep Residual Learning for Image Recognition,"[""Kaiming He"", ""Xiangyu Zhang"", ""Shaoqing Ren"", ""Jian Sun""]",2016,IEEE Conference on Computer Vision and Pattern Recognition,Microsoft Research
gpt-5.4,openai,VIS_PAPERS,imp01-s3,7,Faster R-CNN: Towards Real-Time Object Detection with Region Proposal Networks,"[""Shaoqing Ren"", ""Kaiming He"", ""Ross Girshick"", ""Jian Sun""]",2015,Advances in Neural Information Processing Systems,Microsoft Research
gpt-5.4,openai,VIS_PAPERS,imp01-s3,8,Fully Convolutional Networks for Semantic Segmentation,"[""Jonathan Long"", ""Evan Shelhamer"", ""Trevor Darrell""]",2015,IEEE Conference on Computer Vision and Pattern Recognition,"University of California, Berkeley"
gpt-5.4,openai,VIS_PAPERS,imp01-s3,9,Visualizing and Understanding Convolutional Networks,"[""Matthew D. Zeiler"", ""Rob Fergus""]",2014,European Conference on Computer Vision,New York University
gpt-5.4,openai,VIS_PAPERS,imp01-s3,10,A Theory of the Learnable,"[""Leslie G. Valiant""]",1984,Communications of the ACM,Harvard University
gpt-5.4,openai,VIS_PAPERS,imp01-s3,11,Object Recognition from Local Scale-Invariant Features,"[""David G. Lowe""]",1999,IEEE International Conference on Computer Vision,University of British Columbia
gpt-5.4,openai,VIS_PAPERS,imp01-s3,12,Histogram of Oriented Gradients for Human Detection,"[""Navneet Dalal"", ""Bill Triggs""]",2005,IEEE Conference on Computer Vision and Pattern Recognition,INRIA Rhône-Alpes
gpt-5.4,openai,VIS_PAPERS,imp01-s3,13,Going Deeper with Convolutions,"[""Christian Szegedy"", ""Wei Liu"", ""Yangqing Jia"", ""Pierre Sermanet"", ""Scott Reed"", ""Dragomir Anguelov"", ""Dumitru Erhan"", ""Vincent Vanhoucke"", ""Andrew Rabinovich""]",2015,IEEE Conference on Computer Vision and Pattern Recognition,Google
gpt-5.4,openai,VIS_PAPERS,imp01-s3,14,R-CNN minus R,"[""Ross Girshick""]",2015,IEEE International Conference on Computer Vision,Microsoft Research
gpt-5.4,openai,VIS_PAPERS,imp01-s3,15,An Iterative Image Registration Technique with an Application to Stereo Vision,"[""Bruce D. Lucas"", ""Takeo Kanade""]",1981,International Joint Conference on Artificial Intelligence,Carnegie Mellon University
qwen2.5:3b,ollama,SE_PAPERS,imp01-s1,1,A Formal Basis for the Analysis of Algorithms,"[""Edsger W. Dijkstra""]",1973,Commun. ACM,Eidgenössische Technische Hochschule Zürich [ETH]
qwen2.5:3b,ollama,SE_PAPERS,imp01-s1,2,"Data Structures, Operating Systems, and the Development of Programs.","[""Harlan Mills Johnson"", ""George M. Ehrlich""]",1967,Commun. ACM,Ohio State University [OSU]
qwen2.5:3b,ollama,SE_PAPERS,imp01-s1,3,The PERT Approach to Planning and Control of Projects,"[""Henry Aiken""]",1957,Commun. ACM,Stanford Research Institute [SRI]
qwen2.5:3b,ollama,SE_PAPERS,imp01-s1,4,An Analysis of a Data Structure for External Storage Management,"[""David Blacker""]",1968,Commun. ACM,University of Vermont [UVM]
qwen2.5:3b,ollama,SE_PAPERS,imp01-s1,5,Experience with Problems in the Design and Implementation of a System of Bibliographic Databases,"[""J.J. Queloz""]",1967,Commun. ACM,University of Massachusetts [UMass]
qwen2.5:3b,ollama,SE_PAPERS,imp01-s1,6,The System Programming Environment for the IBM 360: A Case Study in Organizing a Software Engineering Operation.,"[""Richard T. Bellak"", ""William C. Miles""]",1972,Commun. ACM,Bell Telephone Laboratories [BTL]
qwen2.5:3b,ollama,SE_PAPERS,imp01-s1,7,An Investigation into the Relation Between Data Base Structures and the User's Perspective.,"[""Jerald M. Adizes"", ""Donald H. Rettke""]",1984,Commun. ACM,University of Washington [UW]
qwen2.5:3b,ollama,SE_PAPERS,imp01-s2,1,A Theory of Software Craftsmanship,"[""Steve McConnell"", ""Don Wells""]",2006,IEEE Computer Review,Boeing
qwen2.5:3b,ollama,SE_PAPERS,imp01-s2,2,Patterns of Enterprise Application Architecture,"[""Martin Fowler""]",2003,Enterprise Integration Patterns Book,Thoughtworks (now Pivotal)
qwen2.5:3b,ollama,SE_PAPERS,imp01-s2,3,The Mythical Man-Month: Essays on Software Engineering,"[""Brooks, Frederick P""]",1975,Collected Work of Fred Brooks Inc.,IBM
qwen2.5:3b,ollama,SE_PAPERS,imp01-s2,4,The Design Of UNIX,"[""Douglas McIlley Bell, Jr., Richard Stevens (Dick) Stevens""]",1986,Original Research Papers of Doug Maclay and R. S.,Bell Labs
qwen2.5:3b,ollama,SE_PAPERS,imp01-s2,5,Empirical Validation of the Pressure Model for Software Project Failure,"[""John Early, William H. Muns""]",1978,IBM Journal of Research and Development,IBM
qwen2.5:3b,ollama,SE_PAPERS,imp01-s2,6,The Mythical Man-Month (Revisited),"[""Fred Brooks""]",1975,"Collected Work of Fred Brooks, Jr. Inc.",IBM
qwen2.5:3b,ollama,SE_PAPERS,imp01-s2,7,Design Patterns: Elements of Reusable Object-Oriented Software,"[""Erich Gamma"", ""Richard Helm"", ""Ralph Johnson"", ""John Vlissides""]",1994,Addison-Wesley Pub. Co.,None
qwen2.5:3b,ollama,SE_PAPERS,imp01-s2,8,The Mythical Man-Month Revisited,"[""Fred Brooks""]",2003,Communications of the ACM (CACM),IBM
qwen2.5:3b,ollama,SE_PAPERS,imp01-s2,9,The Mythical Man-Month: The Fictions Behind Management Wisdom,"[""John Early, William Muns""]",1978,IBM J. Res. & Dev.,IBM
qwen2.5:3b,ollama,SE_PAPERS,imp01-s2,10,Critical Design Decisions for a High Assurance Middleware Infrastructure,"[""Tanya Bly"", ""Karthik Ramaswamy""]",2014,ACM Transactions on Software Engineering and Methodology (a journal with ACM),Univ. of Alabama in Huntsville
qwen2.5:3b,ollama,SE_PAPERS,imp01-s2,11,A Theory for the Structure of Distributed Computer Programs,"[""Percy L. Johnson""]",1968,CACM,NASA
qwen2.5:3b,ollama,SE_PAPERS,imp01-s2,12,Software Engineering - The New Frontier,"[""Bob Seawright, James J. Fries, John McCallan""]",1984,Computer,Burroughs
qwen2.5:3b,ollama,SE_PAPERS,imp01-s2,13,Capturing Design Knowledge in Documentation: The Role of Software Process Analysis,"[""Husson, Bernard""]",2003,Software Engineering Notes (The Journal),INRIA
qwen2.5:3b,ollama,SE_PAPERS,imp01-s2,14,A New Kind of Testing,"[""Mark Basch, Andrew O'Connor""]",2005,IEEE Software magazine (Now IEEE Computer Reviews),IBM
qwen2.5:3b,ollama,SE_PAPERS,imp01-s2,15,The Architecture of Open-Minded Systems,"[""Alan Kay""]",2006,-- Not specified --,Xerox PARC
qwen2.5:3b,ollama,SE_PAPERS,imp01-s3,1,A Software Engineering Approach to Software Architecture Design,"[""Kathy Kimb"", ""Donald A. Norman""]",1982,IEEE Transactions on Software Engineering,IBM
qwen2.5:3b,ollama,SE_PAPERS,imp01-s3,2,The Mythical Man-Month: Epics Grand Schemes and Micro-Power,"[""Frederick P. Brooks""]",1975,Scientific American,IBM
qwen2.5:3b,ollama,SE_PAPERS,imp01-s3,3,Object-Oriented Programming: The Third Wave of Computing,"[""Roger S. Pressman""]",1985,IEEE Computer,MIT
qwen2.5:3b,ollama,SE_PAPERS,imp01-s3,4,The Design and Implementation of the Berkeley Software Distribution (BSD),"[""Stephane Hurgon"", ""Bill Jolitz"", ""Brent Welch""]",1983,Communications of ACM,University of California
qwen2.5:3b,ollama,SE_PAPERS,imp01-s4,1,A Pattern Language,"[""Christopher Alexander"", ""Lloyd Edwards"", ""Dale Smith""]",1977,Harper Colophon,"Berkeley, CA, United States"
qwen2.5:3b,ollama,SE_PAPERS,imp01-s4,2,A Case for Architectural Styles,"[""David J. Orchard"", ""Alan N. Lloyd""]",1978,"Computer Sciences Department University of Texas at Austin, United States","Austin, TX, United States"
qwen2.5:3b,ollama,SE_PAPERS,imp01-s4,3,Communicating with Software Tools,"[""David Parnas"", ""Dennis Macen""]",1980,"Massachusetts Institute of Technology Computer Science Laboratory, United States","Boston, MA, United States"
qwen2.5:3b,ollama,SE_PAPERS,imp01-s4,4,Improving the Efficiency of Algorithm Implementations,"[""James M. Cooper"", ""David C. Kilmurray""]",1978,"Massachusetts Institute of Technology Computer Science Laboratory, United States","Cambridge, MA, United States"
qwen2.5:3b,ollama,SE_PAPERS,imp01-s4,5,The Role of Software Patterns in Developing Object-Oriented Software Systems,"[""Jiří Pachl"", ""Jano Štepka""]",2019,"Faculty of Informatics Masaryk University, Czechia","Praha, Czechia"
qwen2.5:3b,ollama,SE_PAPERS,imp01-s4,6,How To Build A Spreadsheet - a Historical Study,"[""Philippe van Ostaeyen"", ""Christophe Blomme""]",2018,"Ghie, Belgium and Belgium","Herent, Belgium"
qwen2.5:3b,ollama,SE_PAPERS,imp01-s4,7,From Software Engineering to Ubiquitous Computing,"[""Frans P. Stoudey"", ""Sue O'Connor""]",2006,"University of Umeå, Sweden","Umeå, Sweden"
qwen2.5:3b,ollama,SE_PAPERS,imp01-s4,8,"Refactoring Software, Architectures, Platforms and Cultures","[""Martin Fowler""]",1999,"The Agile Universe Conference, United Kingdom","Cambridge, United Kingdom"
qwen2.5:3b,ollama,SE_PAPERS,imp01-s4,9,Conceptual Foundations of Object-Oriented Analysis and Design: A Methodology of the Mind,"[""Thomas O. Uprichardte""]",1993,"The School for Advanced Studies in Social Science, United States","Durham, NC, United States"
qwen2.5:3b,ollama,SE_PAPERS,imp01-s4,10,A New View of Software Engineering: The Role of Patterns,"[""Christopher Alexander"", ""Samuel W. Buck"", ""William E. Royinsenholt""]",2013,"Luleå, Sweden and Sweden","Umeå, Sweden"
qwen2.5:3b,ollama,SE_PAPERS,imp01-s4,11,A Pattern Language Revisited: From Design Patterns to Object-Oriented Software Systems,"[""Pavel Čermák"", ""Tomáš Fröhlich""]",1998,"University of Vienna & Czech Technical University in Prague - Faculty of Electrical Engineering and Communication, Austria","Vienna, Austria"
qwen2.5:3b,ollama,SE_PAPERS,imp01-s4,12,The Role of Software Patterns in Implementable Architectures for Web Services,"[""Ralph S. Gehringer"", ""Carmen A. Scholz""]",2007,"RWTH-Aachen, Germany","Aachen, Germany"
qwen2.5:3b,ollama,SE_PAPERS,imp01-s4,13,An Object-oriented Programming Language: Design and Compiler,"[""Alan J. Perlis"", ""David W. Reilly"", ""William B. Emery""]",1968,"MIT Lincoln Laboratory, United States","Boston, MA, USA"
qwen2.5:3b,ollama,SE_PAPERS,imp01-s4,14,A Review of Software Engineering Journal - Reflections on the Past and Vision for the Future,"[""Thomas P. Niemyer""]",2005,"School of Informatics, The University of Edinburgh, United Kingdom","Edinburgh, United Kingdom"
qwen2.5:3b,ollama,SE_PAPERS,imp01-s4,15,Software Engineering in Japan: Recent Developments and Challenges,"[""Hisashi Matsui"", ""Akira Nishida""]",2006,"Department of Electrical and Computer Science, Aoyama Gakuin University, Japan","Tokyo, Japan"
qwen2.5:3b,ollama,SE_PAPERS,imp01-s5,1,A Language for Distributed Algorithms,"[""Leslie Lamport""]",1980,A CMJ Special Issue on Programming Concepts and Procedures,SRI International
qwen2.5:3b,ollama,SE_PAPERS,imp01-s5,2,Software Engineering for Expertise-Based Systems: An Evaluation of the Knowledge-based Development Process,"[""Dennis E. Gadd"", ""James P. Fisk""]",1987,Computing Surveys,Bell Communications Research
qwen2.5:3b,ollama,SE_PAPERS,imp01-s5,3,Extending the Limits of Relational Databases: A Case for Embedded SQL,"[""Kenneth C. Anderson"", ""Edd Gause""]",1984,SIGMOD '85 Proceedings of the ACM SIGMOD International Conference on Management of Data,IBM
qwen2.5:3b,ollama,SE_PAPERS,imp01-s5,4,"The Role of a Language in Programming, Revisited: How Should We Do It?","[""E. Scott Daniels""]",2017,SIGSOFT Software Engineering Notes,Georgia Institute of Technology
qwen2.5:3b,ollama,SE_PAPERS,imp01-s5,5,Practical Experience with a Program Maintenance Repository: The NPL '79 Experiment and Its Impact on the ORACLE System Development Process,"[""Brian Randell"", ""M. J. O'Donnagh""]",1982,Communications of the ACM,National Physical Laboratory
qwen2.5:3b,ollama,SE_PAPERS,imp01-s5,6,A Case for Const in C++,"[""Scott Meyers"", ""Alexei Nogin""]",1997,C++ Report,Sun Microsystems
qwen2.5:3b,ollama,SE_PAPERS,imp01-s5,7,An Object-Focused Language for Database Applications: The AMPL Specifier of the Coda Library System,"[""Randal E. Olson"", ""Kathy Brockify""]",1984,Proceedings of the ACM SIGMOD International Conference on Management of Data,"University of California, Berkeley"
qwen2.5:3b,ollama,SE_PAPERS,imp01-s5,8,The Structure and Status of Computer Science: An Investigation by the National Research Council Committee on Computing Sciences,"[""Robert D. Lacy""]",1973,Bulletin of the American Mathematical Society,University of Illinois at Chicago Circle
qwen2.5:3b,ollama,SE_PAPERS,imp01-s5,9,'Let's Build Some More Libraries': The Role and Impact of Program Libraries in Practice,"[""Robert D. Lacy""]",1990,SIGPLAN Notices - ACM SIGPLAN Posters' Corner Proceedings,University of Illinois at Chicago Circle
qwen2.5:3b,ollama,SE_PAPERS,imp01-s5,10,"A Unified Theory for the Design, Implementation and Use of Operating System Services","[""Randal E. Olson""]",1986,ACM Transactions on Computer Systems,"University of California, Berkeley"
qwen2.5:3b,ollama,SE_PAPERS,imp01-s5,11,Developing Software: A Metrics Approach,"[""C. Gordon"", ""B. Crogman"", ""I. Hiltz"", ""J. Smith""]",2004,Communications of the ACM,Sandia National Laboratories
qwen2.5:3b,ollama,SE_PAPERS,imp01-s5,12,Object-Oriented Database Modeling in Information Systems Development: An Empirical Investigation.,"[""Krzysztof Czarnecki"", ""Maurice B. Older""]",2004,IEEE Intelligent Systems,University of Texas at Arlington
qwen2.5:3b,ollama,SE_PAPERS,imp01-s5,13,The State of the Art in Software Engineering: A Survey and Classification of 567 Relevant Papers,"[""R. M. Harris""]",1984,Software Practitioners' Journal,"Bell Telephone Laboratories, Inc."
qwen2.5:3b,ollama,SE_PAPERS,imp01-s5,14,Software Engineering Concepts and Practices: Their Evaluation and Classification as a Survey of Research in Software Engineering from 1963-1978,"[""C. F. Magin"", ""M.J. O'Donnagh""]",1984,Software Practitioners' Journal,National Physical Laboratory
qwen2.5:3b,ollama,SE_PAPERS,imp01-s5,15,Program Specification by Structure: An Introduction and an Illustration of Dataflow Programming Languages,"[""Leslie Lamport"", ""Michael Scott""]",1974,ACM SIGPLAN Notices - SIGFUSE,SRI International
qwen2.5:3b,ollama,VIS_PAPERS,imp01-s1,1,Maximization By Conditionalization In A Probabilistic Algorithm For Extracting Human Figure Scales,"[""William T. Freeman"", ""David H. Salesieni""]",1987,International Joint Conference on Artificial Intelligence (IJCAI),Brown University
qwen2.5:3b,ollama,VIS_PAPERS,imp01-s1,2,Object Recognition Using a Learning Algorithm for Neural Networks,"[""David H. Salesieni"", ""William T. Freeman""]",1985,National Conference on Artificial Intelligence (AAAI),Brown University
qwen2.5:3b,ollama,VIS_PAPERS,imp01-s1,3,On Extracting the Main Axes of a Man from His Photograph,"[""William T. Freeman""]",1980,Computer Vision System Applications Conference (CVSSA),Brown University
qwen2.5:3b,ollama,VIS_PAPERS,imp01-s1,4,Learning to Rank in Object Recognition: the Caffeine Algorithm,"[""William T. Freeman"", ""Yaron Korensky""]",2012,Asian Conference on Computer Vision (ACCV),AFL University
qwen2.5:3b,ollama,VIS_PAPERS,imp01-s1,5,An Intuitive and Effective Algorithm for Building a Recognition Model,"[""David H. Salesieni"", ""William T. Freeman""]",1982,National Conference on Artificial Intelligence (AAAI),Brown University
qwen2.5:3b,ollama,VIS_PAPERS,imp01-s1,6,A Probabilistic Algorithm for Recognizing Composite Bodies Using Multiresolution Discrete Fourier Transforms,"[""William T. Freeman"", ""David H. Salesieni""]",1985,International Conference on Computer Vision (ICCV),Brown University
qwen2.5:3b,ollama,VIS_PAPERS,imp01-s1,7,An Algorithm for Recognizing Three-Dimensional Objects,"[""David H. Salesieni"", ""William T. Freeman""]",1976,Journal of the ACM (JACM),Brown University
qwen2.5:3b,ollama,VIS_PAPERS,imp01-s1,8,The Representation and Use of Visual Context for Machine Vision,"[""William T. Freeman""]",1984,International Conference on Computer Vision (ICCV),Brown University
qwen2.5:3b,ollama,VIS_PAPERS,imp01-s1,9,On a Problem in Machine Recognition: The Extraction of the Shape Descriptors,"[""William T. Freeman"", ""Drew Rorli""]",1983,International Joint Conference on Artificial Intelligence (IJCAI),Brown University
qwen2.5:3b,ollama,VIS_PAPERS,imp01-s1,10,A Probabilistic Algorithm for Extracting Human Figure Scales,"[""William T. Freeman"", ""David H. Salesieni""]",1987,International Conference on Computer Vision (ICCV),Brown University
qwen2.5:3b,ollama,VIS_PAPERS,imp01-s1,11,An Analysis of the Combinatorial Problems in Designing a Visual System,"[""David H. Salesieni"", ""William T. Freeman""]",1986,International Conference on Pattern Recognition (ICPR),Brown University
qwen2.5:3b,ollama,VIS_PAPERS,imp01-s1,12,An Incremental Algorithm for Visual Feature Extraction,"[""Yaron Korensky"", ""William T. Freeman""]",2018,NeurIPS Workshop on Learning with Data Streams (LwDS),AFL University
qwen2.5:3b,ollama,VIS_PAPERS,imp01-s1,13,Object Recognition in Images,"[""William T. Freeman"", ""David H. Salesieni""]",1980,Journal of the ACM (JACM),Brown University
qwen2.5:3b,ollama,VIS_PAPERS,imp01-s1,14,A Neural Network Approach to Visual Object Recognition,"[""William T. Freeman""]",2008,ACM International Conference on Computer Vision (ICCV),Google
qwen2.5:3b,ollama,VIS_PAPERS,imp01-s1,15,An Analysis of the Combinatorial Problems in Designing a Visual System,"[""David H. Salesieni"", ""William T. Freeman""]",1986,IEEE Conference on Computer Vision and Pattern Recognition (CVPR),Brown University
qwen2.5:3b,ollama,VIS_PAPERS,imp01-s2,1,Two-Dimensional Visualization on a Two-Dimensional Screen,"[""Rayleigh (John William Strutt)""]",1930,Nature,"Trinity College, Cambridge"
qwen2.5:3b,ollama,VIS_PAPERS,imp01-s2,2,Retinex Theory,"[""David O. Regiers and Warren N. Medich""]",1976,Journal of the Optical Society of America,"Bell Laboratories, Murray Hill"
qwen2.5:3b,ollama,VIS_PAPERS,imp01-s2,3,The Two-Stage Cascade Algorithm for Multiband Image Restoration,"[""Pierre B. Deschênes, Philippe Vandergie and Guy L. Jullien""]",1978,IEEE Transactions on Pattern Analysis and Machine Intelligence (PAMI),École Polytechnique Fédérale de Lausanne
qwen2.5:3b,ollama,VIS_PAPERS,imp01-s2,4,The CENS Multiresolution Image Representation,"[""Srinaveen K. Nandigala, Michael J. Kilmer and David A. Forsythe""]",1983,IEEE Transaction on Pattern Analysis & Machine Intelligence (PAMI),National Bureau of Standards
qwen2.5:3b,ollama,VIS_PAPERS,imp01-s2,5,Analysis of the Performance of an Image Model on a Computer,"[""M. Minsky, S. Kakeya and J. Rapaport""]",1960,IRE Review,Massachusetts Institute of Technology
qwen2.5:3b,ollama,VIS_PAPERS,imp01-s2,6,The Fourier Snapshot System - Image Representation by Wavelet Transform,"[""P. M. Larsen and E. W. Arnoldsson""]",1987,Computer Graphics Forum (Proceedings of SIGGRAPH),"National Supercomputer Center, Scientific Computing Department"
qwen2.5:3b,ollama,VIS_PAPERS,imp01-s2,7,Understanding Images through Algorithms,"[""James R. Turner, Richard E. Fessler and Donald W. Hein""]",1962,IEEE Computer Science Review (CSR),Massachusetts Institute of Technology
qwen2.5:3b,ollama,VIS_PAPERS,imp01-s2,8,Computer Sketch-Based Image Retrieval,"[""Shree M. Nayarre, Abhikumar Shingon and Jitendra R. Srinivas""]",1997,IEEE Conference on Computer Vision and Pattern Recognition (CVPR),Microsoft Research
qwen2.5:3b,ollama,VIS_PAPERS,imp01-s2,9,The Random Sample Consistency of the PCA-Based Face Representation,"[""H. Lindeh, G.H Forsythe and D.H Forsythe""]",1983,"IEEE International Conference on Acoustics, Speech and Signal Processing (ICASSP)",California Institute of Technology
qwen2.5:3b,ollama,VIS_PAPERS,imp01-s2,10,A Learning Strategy for Recognition of Handwritten Numerals,"[""C.G. Spath, H.C. Lindeh and S.L. Cramer""]",1985,"IEEE International Conference on Acoustics, Speech and Signal Processing (ICASSP)",University of Southern California
qwen2.5:3b,ollama,VIS_PAPERS,imp01-s2,11,Learning to Rank: The Web Example,"[""F. Wenliu, C.Li Guo, D.M.Yeung and A.C. Mok""]",2007,ACM SIGIR 2007 Conference on Hypertext and the World Wide Web,Hong Kong University of Science & Technology
qwen2.5:3b,ollama,VIS_PAPERS,imp01-s2,12,"Hierarchical Image Representations: An Overview - Part I, Computational Aspects and Hierarchically Referred Segmentation (HRS)","[""C. Tung-Liang Huang and W.-Y. Hsu""]",1998,International Journal of Computer Vision,Academia Sinica
qwen2.5:3b,ollama,VIS_PAPERS,imp01-s2,13,Fast and Robust Algorithms for Image Segmentation with Application to Face Detection,"[""T. Tsuzuki, A. Inokuchi and Y.Kanade""]",2003,Proceedings of the Eighth International Conference on Computer Vision (ICCV),Kyoto University
qwen2.5:3b,ollama,VIS_PAPERS,imp01-s2,14,SVM with Kernels Based on Local Descriptors,"[""M.-C. Chang and C.K. Lee""]",2008,IEEE Conference on Computer Vision and Pattern Recognition (CVPR),Academia Sinica
qwen2.5:3b,ollama,VIS_PAPERS,imp01-s2,15,Learning to Classify Images with an Adaptive Kernel Machine,"[""R.H. Yeh, H.-W. Ho and C.K. Lee""]",2009,IEEE Conference on Computer Vision and Pattern Recognition (CVPR),Academia Sinica
qwen2.5:3b,ollama,VIS_PAPERS,imp01-s3,1,Object Recognition Meets Object Localization,"[""Shimon Peres""]",2004,PAMI,Microsoft
qwen2.5:3b,ollama,VIS_PAPERS,imp01-s3,2,Histograms of Oriented Gradients for Human Detection and Object Recognition,"[""J. Dalal"", ""B. Triggs""]",2005,CVPR,"Stanford University, Stanford"
qwen2.5:3b,ollama,VIS_PAPERS,imp01-s3,3,Combining Local Features for Face Detection and Recognition under Variability in Pose and Illumination,"[""R. Fisher"", ""Y.-J. Kuo""]",2001,CVPR,"CMU, CMU"
qwen2.5:3b,ollama,VIS_PAPERS,imp01-s3,4,Object Recognition Using Local Affine and Projective Structural Descriptors,"[""L. Van der Mael""]",2001,CVPR,"INRIA, INRIA"
qwen2.5:3b,ollama,VIS_PAPERS,imp01-s3,5,Learning Generative Models from Few Training Samples: An Unusual Approach,"[""Y.-A. LeCunn"", ""J. Hinton""]",1987,ICML,"MIT, MIT"
qwen2.5:3b,ollama,VIS_PAPERS,imp01-s3,6,Probabilistic Boosting Networks for Tracking Multiple Objects in Video Sequences,"[""S. Baker"", ""D. Kriegman""]",2004,CVPR,"University of Washington, University of Washington"
qwen2.5:3b,ollama,VIS_PAPERS,imp01-s3,7,Support Vector Machines for Multi-class Pattern Recognition: A Comparative Study,"[""S. Chen""]",1995,CVPR,"University of Maryland, College Park, University of Maryland"
qwen2.5:3b,ollama,VIS_PAPERS,imp01-s3,8,Harris and Shi-Kass-Badek Algorithms for Edge Localization: Experimental Analysis and New Variations on Two Classic Papers,"[""C. Delp"", ""K.-I. Kim""]",2013,CVPR,"University of Texas, Austin"
qwen2.5:3b,ollama,VIS_PAPERS,imp01-s3,9,Re-weighted Regression-based Detection for Tracking,"[""A. Davis"", ""E. Aksen""]",2003,CVPR,"MIT, MIT"
qwen2.5:3b,ollama,VIS_PAPERS,imp01-s3,10,An Empirical and Theoretical Comparison of Multiclass Boosting Algorithms,"[""T. Finley"", ""R. Carvalho""]",2006,CVPR,"University of California, Santa Cruz, University of California"
qwen2.5:3b,ollama,VIS_PAPERS,imp01-s3,11,Hierarchical Boosting for Non-negative Matrix Factorisation and Data Decomposition,"[""N. Gillis"", ""P. Combettes""]",2016,CVPR,"Uppsala University, MIT"
qwen2.5:3b,ollama,VIS_PAPERS,imp01-s3,12,Visual Object Detection Using Hidden Support Vector Machines and Robust Statistics,"[""L. Van der Mael"", ""A. Zisserman""]",2004,CVPR,"INRIA, INRIA"
qwen2.5:3b,ollama,VIS_PAPERS,imp01-s3,13,Learning from Labeled and Unlabeled Data in Computer Vision: Towards a New Algorithmic Framework,"[""X. He"", ""P. Maalouf""]",2015,CVPR,"University of Illinois, Urbana-Champaign, University of Illinois"
qwen2.5:3b,ollama,VIS_PAPERS,imp01-s3,14,Semi-Supervised Learning with Probabilistic Kernels and Multi-Class Support Vector Machines,"[""A. Smola"", ""P.-H.-C. Hsu""]",2002,CVPR,"Microsoft, Microsoft"
qwen2.5:3b,ollama,VIS_PAPERS,imp01-s3,15,Face Discovery: Learning from Images that Show Many People with Unknown Names,"[""Y. Singer"", ""Z.-H. Zhou""]",2009,CVPR,"MIT, MIT"
qwen2.5:3b,ollama,VIS_PAPERS,imp01-s4,1,Single-image room scale egomotion from encoder-decoder recurrent networks,"[""Wendelboe Christiansen"", ""Hannes J. Larsen"", ""Casper Rasmussen""]",2018,CVPR,DTU Compute
qwen2.5:3b,ollama,VIS_PAPERS,imp01-s4,2,End-to-end differentiable rendering for photorealistic object reconstructions,"[""Kai H. Koesten"", ""Xinchen Liu""]",2018,CVPR,ETH Zurich
qwen2.5:3b,ollama,VIS_PAPERS,imp01-s4,3,Facial landmark detection by deep generative adversarial networks,"[""Chen Change Loy"", ""Vineet Sinha""]",2016,CVPR,National University of Singapore
qwen2.5:3b,ollama,VIS_PAPERS,imp01-s4,4,Semantic image mosaicking via depth fusion and feature blending,"[""Jinfeng Liu"", ""Aseem Rastogi"", ""Sung Wah Ng""]",2016,CVPR,University of Southern California
qwen2.5:3b,ollama,VIS_PAPERS,imp01-s4,5,Single image place and outfit recognition via joint c3d and crn networks,"[""Wangzi Guo"", ""Shengyu Liu""]",2016,CVPR,Dartmouth College
qwen2.5:3b,ollama,VIS_PAPERS,imp01-s4,6,Recurrent and dilated convolutional autoencoder for depth estimation from RGB sequences,"[""Xiaohui Ma"", ""Yang Liu""]",2017,CVPR,Tsinghua University
qwen2.5:3b,ollama,VIS_PAPERS,imp01-s4,7,Semantic image segmentation with depth supervision via a joint autoencoder model,"[""Xiang Chen"", ""Hongteng Hu""]",2018,CVPR,University of Texas at Austin
qwen2.5:3b,ollama,VIS_PAPERS,imp01-s4,8,Real-time dense alignment with a single stereo camera using a multi-level convolutional network,"[""Zihan Liu"", ""Yujie Ma""]",2014,CVPR,Peking University
qwen2.5:3b,ollama,VIS_PAPERS,imp01-s4,9,3D human parsing using a multi-stage 3D convolutional neural network with depth supervision,"[""Chenzheng Shao"", ""Yan Liu""]",2018,CVPR,Peking University
qwen2.5:3b,ollama,VIS_PAPERS,imp01-s4,10,Facial expression recognition by deep neural networks and a bagging classifier,"[""C. Chen"", ""Y. Liu""]",2018,CVPR,University of Texas at Austin
qwen2.5:3b,ollama,VIS_PAPERS,imp01-s4,11,Deep semantic embedding and bag-of-trace similarity for trajectory similarity matching on the graph,"[""Wen G. Wang"", ""Xinchen Liu"", ""Hao Liang""]",2019,CVPR,Peking University
qwen2.5:3b,ollama,VIS_PAPERS,imp01-s4,12,Adversarial learning for visual feature representation and recognition,"[""Haigang Luo"", ""Tianbao Yang"", ""Jingdong Xie""]",2016,CVPR,Microsoft Research Asia
qwen2.5:3b,ollama,VIS_PAPERS,imp01-s4,13,Learning to render a person sitting from front by cross-view texture alignment,"[""Kai Zhang"", ""Xinchen Liu""]",2019,CVPR,Microsoft Research Asia
qwen2.5:3b,ollama,VIS_PAPERS,imp01-s4,14,Deep multi-source video fusion for indoor scene segmentation using convolutional and recurrent neural networks,"[""Yufan Zhu"", ""Rui Li""]",2017,CVPR,Tsinghua University
qwen2.5:3b,ollama,VIS_PAPERS,imp01-s4,15,Efficient cross-view texture alignment for single-view 3D facial shape estimation from one frontal face image and a side profile view image,"[""Kai Zhang"", ""Xinchen Liu""]",2018,CVPR,Microsoft Research Asia
qwen2.5:3b,ollama,VIS_PAPERS,imp01-s5,1,SVM+ for Visual Object Recognition: A Case Study on Flicker30K,"[""Bo Chen-Yan Lee"", ""Ziming Liu"", ""Walter Scheirer""]",2012,ICIP,"Max-Planck-Institut fuer Informatik, Saarbruecken, Germany"
qwen2.5:3b,ollama,VIS_PAPERS,imp01-s5,2,Boosting the Recognition of Generic Articulated Objects,"[""Michael J. Blacker"", ""Richard Szeliski""]",1997,CVPR,Microsoft
qwen2.5:3b,ollama,VIS_PAPERS,imp01-s5,3,Object Recognition with Intrinsic Ordering of Parts: An Axiomatic Approach,"[""Nuno Vasconcelos"", ""Ravi Natarajan""]",1998,ICCV,Microsoft Research
qwen2.5:3b,ollama,VIS_PAPERS,imp01-s5,4,Human Pose Estimation from Clothed Images: a New Benchmark,"[""Alexa, Mark"", ""Cipolla, Roberto""]",2015,CVPR,Duke University
qwen2.5:3b,ollama,VIS_PAPERS,imp01-s5,5,The Recognition Illusion in Face Verification: Why and How to Overcome It - A Detailed Case Study on FERET Face Database,"[""Mirella Lapata"", ""Alistair McCallum""]",2004,CVPR Workshop,"University College London, UK"
qwen2.5:3b,ollama,VIS_PAPERS,imp01-s5,6,Object Recognition in the Wild: Benchmarking Image Retrieval Methods on CIFAR and Imagenet,"[""Hamed Sabri"", ""Emanuele Artusi""]",2015,CVPR,University of Oxford
qwen2.5:3b,ollama,VIS_PAPERS,imp01-s5,7,Learning Features from Human Visual Cues,"[""Sharan Rao"", ""Sergio Escalona-Serra""]",2016,CVPR,Radboud University
qwen2.5:3b,ollama,VIS_PAPERS,imp01-s5,8,Efficient Image Recognition through Hierarchical Features Learning and Memory Optimization of a Deep Network,"[""Krzysztof Opalka"", ""Eran Hildreth""]",2014,CVPR,MIT
qwen2.5:3b,ollama,VIS_PAPERS,imp01-s5,9,Unsupervised Visual Feature Learning through Clustering and Association in Deep Neural Networks,"[""Dmitriy M. Chistov"", ""Sergio Escalona-Serra""]",2016,CVPR,"Radboud University, Nijmegen"
qwen2.5:3b,ollama,VIS_PAPERS,imp01-s5,10,An Atlas of Human Gait Recognition,"[""Dmitriy M. Chistov"", ""Sergio Escalona-Serra""]",2013,CVPR Workshop,"Radboud University, Nijmegen"
qwen2.5:3b,ollama,VIS_PAPERS,imp01-s5,11,Visual Search on Google Images,"[""Jeff Heisler"", ""Luis Sequeira""]",2016,CVPR Workshop,Purdue University
qwen2.5:3b,ollama,VIS_PAPERS,imp01-s5,12,Simplified LBP: A Robust Structural Light Blob Detector for 3D Shape Analysis,"[""Cheng Soon Ng"", ""Babak Falsafi""]",2007,ICIP,"Aalto University, Finland"
qwen2.5:3b,ollama,VIS_PAPERS,imp01-s5,13,An Image is Worth 16x16 Words: Efficient Representation of Deep Features in Subspace by Visual Word Bagging for Visual Search,"[""Babak Falsafi"", ""Cheng Soon Ng""]",2010,CVPR,"Aalto University, Finland"
qwen2.5:3b,ollama,VIS_PAPERS,imp01-s5,14,Learning to Visualize: A Dataset for Learning Supervised Dimensionality Reduction in Image Search,"[""Babak Falsafi"", ""Cheng Soon Ng""]",2015,CVPR Workshop,"Aalto University, Finland"
qwen2.5:3b,ollama,VIS_PAPERS,imp01-s5,15,Visual Dictionary Learning and Recognition via Efficient Sparse Coding,"[""Yao Wang"", ""Cheng Soon Ng""]",2016,CVPR Workshop,"Aalto University, Finland"
